../accent-evaluation/copysyn_hifiganv1/Dublin/p295/p295_013.wav	3.3289204
../accent-evaluation/copysyn_hifiganv1/SouthernEngland/p228/p228_014.wav	3.6087332
../accent-evaluation/copysyn_hifiganv1/Edinburgh/p252/p252_008.wav	3.471037
../accent-evaluation/copysyn_hifiganv1/Dublin/p245/p245_001.wav	3.7879229
../accent-evaluation/copysyn_hifiganv1/SouthernEngland/p232/p232_008.wav	4.317316
../accent-evaluation/copysyn_hifiganv1/SouthernEngland/p257/p257_004.wav	3.674106
../accent-evaluation/copysyn_hifiganv1/Edinburgh/p252/p252_014.wav	3.64756
../accent-evaluation/copysyn_hifiganv1/SouthernEngland/p240/p240_018.wav	3.5768805
../accent-evaluation/copysyn_hifiganv1/SouthernEngland/p232/p232_023.wav	4.288286
../accent-evaluation/copysyn_hifiganv1/SouthernEngland/p228/p228_008.wav	3.7291224
../accent-evaluation/copysyn_hifiganv1/SouthernEngland/p268/p268_001.wav	3.7392058
../accent-evaluation/copysyn_hifiganv1/Dublin/p288/p288_021.wav	4.1111236
../accent-evaluation/copysyn_hifiganv1/SouthernEngland/p229/p229_011.wav	4.188965
../accent-evaluation/copysyn_hifiganv1/Dublin/p340/p340_020.wav	3.5153842
../accent-evaluation/copysyn_hifiganv1/Edinburgh/p252/p252_015.wav	3.7185764
../accent-evaluation/copysyn_hifiganv1/Dublin/p245/p245_011.wav	3.9464862
../accent-evaluation/copysyn_hifiganv1/SouthernEngland/p226/p226_013.wav	3.5453243
../accent-evaluation/copysyn_hifiganv1/Edinburgh/p285/p285_018.wav	3.5973935
../accent-evaluation/copysyn_hifiganv1/SouthernEngland/p232/p232_010.wav	4.113653
../accent-evaluation/copysyn_hifiganv1/Dublin/p245/p245_007.wav	4.1145487
../accent-evaluation/copysyn_hifiganv1/Edinburgh/p252/p252_022.wav	3.7540808
../accent-evaluation/copysyn_hifiganv1/SouthernEngland/p231/p231_005.wav	4.0868726
../accent-evaluation/copysyn_hifiganv1/Edinburgh/p262/p262_020.wav	3.622262
../accent-evaluation/copysyn_hifiganv1/Edinburgh/p272/p272_008.wav	3.5763478
../accent-evaluation/copysyn_hifiganv1/SouthernEngland/p232/p232_004.wav	4.1268854
../accent-evaluation/copysyn_hifiganv1/Edinburgh/p281/p281_002.wav	3.4856195
../accent-evaluation/copysyn_hifiganv1/SouthernEngland/p228/p228_021.wav	3.7977848
../accent-evaluation/copysyn_hifiganv1/Edinburgh/p252/p252_019.wav	3.4911351
../accent-evaluation/copysyn_hifiganv1/SouthernEngland/p268/p268_007.wav	4.202623
../accent-evaluation/copysyn_hifiganv1/Edinburgh/p272/p272_012.wav	3.7222438
../accent-evaluation/copysyn_hifiganv1/Edinburgh/p252/p252_016.wav	3.7360423
../accent-evaluation/copysyn_hifiganv1/SouthernEngland/p268/p268_006.wav	3.9571676
../accent-evaluation/copysyn_hifiganv1/SouthernEngland/p231/p231_023.wav	3.950059
../accent-evaluation/copysyn_hifiganv1/SouthernEngland/p268/p268_011.wav	3.605214
../accent-evaluation/copysyn_hifiganv1/Edinburgh/p272/p272_018.wav	3.5592716
../accent-evaluation/copysyn_hifiganv1/Edinburgh/p252/p252_017.wav	4.0886383
../accent-evaluation/copysyn_hifiganv1/SouthernEngland/p240/p240_011.wav	4.0658565
../accent-evaluation/copysyn_hifiganv1/Edinburgh/p252/p252_006.wav	3.9783266
../accent-evaluation/copysyn_hifiganv1/SouthernEngland/p225/p225_001.wav	3.5655336
../accent-evaluation/copysyn_hifiganv1/SouthernEngland/p228/p228_022.wav	3.9624171
../accent-evaluation/copysyn_hifiganv1/SouthernEngland/p240/p240_022.wav	3.9855037
../accent-evaluation/copysyn_hifiganv1/Edinburgh/p272/p272_023.wav	3.6813507
../accent-evaluation/copysyn_hifiganv1/SouthernEngland/p229/p229_006.wav	4.033328
../accent-evaluation/copysyn_hifiganv1/SouthernEngland/p240/p240_003.wav	3.7540848
../accent-evaluation/copysyn_hifiganv1/Edinburgh/p272/p272_022.wav	3.6140852
../accent-evaluation/copysyn_hifiganv1/SouthernEngland/p258/p258_002.wav	3.3748364
../accent-evaluation/copysyn_hifiganv1/Edinburgh/p281/p281_009.wav	3.198102
../accent-evaluation/copysyn_hifiganv1/SouthernEngland/p231/p231_017.wav	3.676748
../accent-evaluation/copysyn_hifiganv1/SouthernEngland/p240/p240_017.wav	3.9890914
../accent-evaluation/copysyn_hifiganv1/SouthernEngland/p226/p226_016.wav	3.7541726
../accent-evaluation/copysyn_hifiganv1/SouthernEngland/p257/p257_002.wav	3.5457556
../accent-evaluation/copysyn_hifiganv1/Dublin/p245/p245_002.wav	4.1803675
../accent-evaluation/copysyn_hifiganv1/Edinburgh/p285/p285_005.wav	3.7769856
../accent-evaluation/copysyn_hifiganv1/SouthernEngland/p226/p226_007.wav	4.1284475
../accent-evaluation/copysyn_hifiganv1/SouthernEngland/p228/p228_005.wav	3.6091745
../accent-evaluation/copysyn_hifiganv1/Dublin/p245/p245_020.wav	3.6970816
../accent-evaluation/copysyn_hifiganv1/Dublin/p288/p288_014.wav	4.0212784
../accent-evaluation/copysyn_hifiganv1/SouthernEngland/p228/p228_023.wav	3.9125934
../accent-evaluation/copysyn_hifiganv1/SouthernEngland/p268/p268_018.wav	4.057658
../accent-evaluation/copysyn_hifiganv1/SouthernEngland/p258/p258_022.wav	3.3985782
../accent-evaluation/copysyn_hifiganv1/SouthernEngland/p232/p232_003.wav	3.668283
../accent-evaluation/copysyn_hifiganv1/Edinburgh/p262/p262_021.wav	3.863137
../accent-evaluation/copysyn_hifiganv1/Dublin/p340/p340_006.wav	3.5796626
../accent-evaluation/copysyn_hifiganv1/Edinburgh/p285/p285_013.wav	3.6285894
../accent-evaluation/copysyn_hifiganv1/SouthernEngland/p240/p240_007.wav	3.7746344
../accent-evaluation/copysyn_hifiganv1/Dublin/p340/p340_022.wav	3.7752724
../accent-evaluation/copysyn_hifiganv1/Dublin/p288/p288_019.wav	3.8969975
../accent-evaluation/copysyn_hifiganv1/SouthernEngland/p231/p231_018.wav	3.419034
../accent-evaluation/copysyn_hifiganv1/Dublin/p245/p245_010.wav	3.593855
../accent-evaluation/copysyn_hifiganv1/Dublin/p245/p245_013.wav	3.9789488
../accent-evaluation/copysyn_hifiganv1/Edinburgh/p272/p272_002.wav	4.144663
../accent-evaluation/copysyn_hifiganv1/Edinburgh/p262/p262_004.wav	3.7550812
../accent-evaluation/copysyn_hifiganv1/SouthernEngland/p231/p231_009.wav	3.7578912
../accent-evaluation/copysyn_hifiganv1/Edinburgh/p272/p272_019.wav	3.7576704
../accent-evaluation/copysyn_hifiganv1/Edinburgh/p252/p252_007.wav	4.057774
../accent-evaluation/copysyn_hifiganv1/SouthernEngland/p231/p231_004.wav	3.9502728
../accent-evaluation/copysyn_hifiganv1/Edinburgh/p272/p272_005.wav	4.136353
../accent-evaluation/copysyn_hifiganv1/SouthernEngland/p228/p228_002.wav	3.9962487
../accent-evaluation/copysyn_hifiganv1/SouthernEngland/p240/p240_010.wav	3.7019312
../accent-evaluation/copysyn_hifiganv1/Dublin/p245/p245_014.wav	4.2021637
../accent-evaluation/copysyn_hifiganv1/SouthernEngland/p229/p229_003.wav	3.8872414
../accent-evaluation/copysyn_hifiganv1/Edinburgh/p281/p281_014.wav	3.4912283
../accent-evaluation/copysyn_hifiganv1/Dublin/p340/p340_021.wav	4.109939
../accent-evaluation/copysyn_hifiganv1/Edinburgh/p285/p285_015.wav	3.6839497
../accent-evaluation/copysyn_hifiganv1/Edinburgh/p281/p281_011.wav	3.5711935
../accent-evaluation/copysyn_hifiganv1/SouthernEngland/p225/p225_022.wav	3.522282
../accent-evaluation/copysyn_hifiganv1/SouthernEngland/p229/p229_010.wav	3.600189
../accent-evaluation/copysyn_hifiganv1/SouthernEngland/p232/p232_022.wav	3.635578
../accent-evaluation/copysyn_hifiganv1/Dublin/p245/p245_018.wav	4.055866
../accent-evaluation/copysyn_hifiganv1/SouthernEngland/p226/p226_022.wav	3.7715619
../accent-evaluation/copysyn_hifiganv1/SouthernEngland/p258/p258_010.wav	3.1590621
../accent-evaluation/copysyn_hifiganv1/SouthernEngland/p257/p257_018.wav	3.4531295
../accent-evaluation/copysyn_hifiganv1/SouthernEngland/p225/p225_004.wav	3.6593485
../accent-evaluation/copysyn_hifiganv1/SouthernEngland/p231/p231_008.wav	3.6727684
../accent-evaluation/copysyn_hifiganv1/SouthernEngland/p226/p226_006.wav	3.9122386
../accent-evaluation/copysyn_hifiganv1/SouthernEngland/p268/p268_016.wav	4.028671
../accent-evaluation/copysyn_hifiganv1/Dublin/p288/p288_011.wav	3.6026695
../accent-evaluation/copysyn_hifiganv1/SouthernEngland/p232/p232_012.wav	3.89655
../accent-evaluation/copysyn_hifiganv1/SouthernEngland/p258/p258_020.wav	3.5444283
../accent-evaluation/copysyn_hifiganv1/Edinburgh/p285/p285_023.wav	3.5162287
../accent-evaluation/copysyn_hifiganv1/Edinburgh/p262/p262_010.wav	3.7348895
../accent-evaluation/copysyn_hifiganv1/SouthernEngland/p225/p225_005.wav	3.6564498
../accent-evaluation/copysyn_hifiganv1/Edinburgh/p252/p252_012.wav	3.925595
../accent-evaluation/copysyn_hifiganv1/SouthernEngland/p229/p229_009.wav	4.173811
../accent-evaluation/copysyn_hifiganv1/SouthernEngland/p268/p268_019.wav	3.7552207
../accent-evaluation/copysyn_hifiganv1/Edinburgh/p272/p272_003.wav	3.890685
../accent-evaluation/copysyn_hifiganv1/SouthernEngland/p226/p226_011.wav	3.6340923
../accent-evaluation/copysyn_hifiganv1/SouthernEngland/p268/p268_002.wav	3.9874568
../accent-evaluation/copysyn_hifiganv1/Edinburgh/p281/p281_018.wav	3.51486
../accent-evaluation/copysyn_hifiganv1/Dublin/p288/p288_016.wav	4.09914
../accent-evaluation/copysyn_hifiganv1/SouthernEngland/p229/p229_018.wav	3.8871899
../accent-evaluation/copysyn_hifiganv1/SouthernEngland/p228/p228_019.wav	3.764879
../accent-evaluation/copysyn_hifiganv1/Edinburgh/p252/p252_005.wav	3.9686463
../accent-evaluation/copysyn_hifiganv1/Edinburgh/p262/p262_008.wav	3.8895438
../accent-evaluation/copysyn_hifiganv1/SouthernEngland/p226/p226_023.wav	3.652528
../accent-evaluation/copysyn_hifiganv1/SouthernEngland/p258/p258_003.wav	3.5307558
../accent-evaluation/copysyn_hifiganv1/SouthernEngland/p240/p240_015.wav	4.053534
../accent-evaluation/copysyn_hifiganv1/Edinburgh/p281/p281_022.wav	3.5837014
../accent-evaluation/copysyn_hifiganv1/Dublin/p295/p295_008.wav	3.370844
../accent-evaluation/copysyn_hifiganv1/Edinburgh/p262/p262_014.wav	3.8700247
../accent-evaluation/copysyn_hifiganv1/Dublin/p245/p245_015.wav	4.1381664
../accent-evaluation/copysyn_hifiganv1/Edinburgh/p262/p262_001.wav	3.9873886
../accent-evaluation/copysyn_hifiganv1/SouthernEngland/p225/p225_007.wav	3.8640437
../accent-evaluation/copysyn_hifiganv1/SouthernEngland/p229/p229_013.wav	3.6805415
../accent-evaluation/copysyn_hifiganv1/SouthernEngland/p228/p228_003.wav	3.7112498
../accent-evaluation/copysyn_hifiganv1/SouthernEngland/p228/p228_009.wav	4.0589714
../accent-evaluation/copysyn_hifiganv1/Dublin/p295/p295_004.wav	3.6699026
../accent-evaluation/copysyn_hifiganv1/Edinburgh/p285/p285_021.wav	3.7633328
../accent-evaluation/copysyn_hifiganv1/Edinburgh/p252/p252_010.wav	3.7377415
../accent-evaluation/copysyn_hifiganv1/SouthernEngland/p225/p225_009.wav	3.7197373
../accent-evaluation/copysyn_hifiganv1/SouthernEngland/p240/p240_012.wav	4.0092783
../accent-evaluation/copysyn_hifiganv1/Edinburgh/p262/p262_015.wav	3.6459923
../accent-evaluation/copysyn_hifiganv1/Edinburgh/p272/p272_016.wav	3.6082022
../accent-evaluation/copysyn_hifiganv1/SouthernEngland/p231/p231_002.wav	3.8888712
../accent-evaluation/copysyn_hifiganv1/Dublin/p288/p288_018.wav	3.9071054
../accent-evaluation/copysyn_hifiganv1/Edinburgh/p281/p281_006.wav	3.3180518
../accent-evaluation/copysyn_hifiganv1/SouthernEngland/p232/p232_009.wav	4.3044176
../accent-evaluation/copysyn_hifiganv1/SouthernEngland/p225/p225_020.wav	3.5585027
../accent-evaluation/copysyn_hifiganv1/SouthernEngland/p257/p257_013.wav	3.561912
../accent-evaluation/copysyn_hifiganv1/Dublin/p340/p340_008.wav	3.8279753
../accent-evaluation/copysyn_hifiganv1/SouthernEngland/p240/p240_016.wav	3.7664998
../accent-evaluation/copysyn_hifiganv1/Edinburgh/p281/p281_020.wav	3.2598913
../accent-evaluation/copysyn_hifiganv1/Edinburgh/p281/p281_012.wav	3.4428291
../accent-evaluation/copysyn_hifiganv1/SouthernEngland/p258/p258_023.wav	3.407557
../accent-evaluation/copysyn_hifiganv1/SouthernEngland/p268/p268_015.wav	3.8786485
../accent-evaluation/copysyn_hifiganv1/SouthernEngland/p258/p258_018.wav	3.6917028
../accent-evaluation/copysyn_hifiganv1/Edinburgh/p285/p285_001.wav	3.6339068
../accent-evaluation/copysyn_hifiganv1/Edinburgh/p262/p262_006.wav	4.0414777
../accent-evaluation/copysyn_hifiganv1/SouthernEngland/p231/p231_011.wav	4.0175667
../accent-evaluation/copysyn_hifiganv1/Dublin/p288/p288_010.wav	4.115601
../accent-evaluation/copysyn_hifiganv1/SouthernEngland/p226/p226_003.wav	4.10838
../accent-evaluation/copysyn_hifiganv1/Dublin/p288/p288_017.wav	4.2163363
../accent-evaluation/copysyn_hifiganv1/SouthernEngland/p258/p258_004.wav	3.3115008
../accent-evaluation/copysyn_hifiganv1/SouthernEngland/p268/p268_003.wav	3.3719938
../accent-evaluation/copysyn_hifiganv1/SouthernEngland/p257/p257_003.wav	3.7898471
../accent-evaluation/copysyn_hifiganv1/SouthernEngland/p228/p228_004.wav	3.9400072
../accent-evaluation/copysyn_hifiganv1/Edinburgh/p285/p285_020.wav	3.8675876
../accent-evaluation/copysyn_hifiganv1/Edinburgh/p252/p252_021.wav	3.8251333
../accent-evaluation/copysyn_hifiganv1/Dublin/p340/p340_003.wav	3.7155352
../accent-evaluation/copysyn_hifiganv1/Edinburgh/p285/p285_006.wav	3.787945
../accent-evaluation/copysyn_hifiganv1/SouthernEngland/p268/p268_020.wav	3.675787
../accent-evaluation/copysyn_hifiganv1/Edinburgh/p272/p272_021.wav	4.074227
../accent-evaluation/copysyn_hifiganv1/SouthernEngland/p258/p258_017.wav	3.6327932
../accent-evaluation/copysyn_hifiganv1/SouthernEngland/p231/p231_021.wav	3.8197422
../accent-evaluation/copysyn_hifiganv1/Edinburgh/p285/p285_019.wav	3.4885845
../accent-evaluation/copysyn_hifiganv1/SouthernEngland/p240/p240_001.wav	3.9907753
../accent-evaluation/copysyn_hifiganv1/SouthernEngland/p226/p226_019.wav	3.4237318
../accent-evaluation/copysyn_hifiganv1/SouthernEngland/p232/p232_005.wav	4.246147
../accent-evaluation/copysyn_hifiganv1/SouthernEngland/p240/p240_002.wav	3.9396584
../accent-evaluation/copysyn_hifiganv1/Edinburgh/p281/p281_010.wav	3.1771402
../accent-evaluation/copysyn_hifiganv1/Dublin/p340/p340_005.wav	3.8825352
../accent-evaluation/copysyn_hifiganv1/Dublin/p288/p288_008.wav	3.8180146
../accent-evaluation/copysyn_hifiganv1/SouthernEngland/p257/p257_012.wav	3.633525
../accent-evaluation/copysyn_hifiganv1/SouthernEngland/p240/p240_005.wav	3.7683744
../accent-evaluation/copysyn_hifiganv1/Dublin/p288/p288_022.wav	3.7143607
../accent-evaluation/copysyn_hifiganv1/SouthernEngland/p228/p228_010.wav	3.92553
../accent-evaluation/copysyn_hifiganv1/SouthernEngland/p240/p240_019.wav	3.834758
../accent-evaluation/copysyn_hifiganv1/Dublin/p245/p245_003.wav	4.1020927
../accent-evaluation/copysyn_hifiganv1/SouthernEngland/p225/p225_013.wav	3.7754111
../accent-evaluation/copysyn_hifiganv1/Dublin/p295/p295_009.wav	3.7956069
../accent-evaluation/copysyn_hifiganv1/Dublin/p288/p288_023.wav	3.840956
../accent-evaluation/copysyn_hifiganv1/SouthernEngland/p240/p240_004.wav	4.1238275
../accent-evaluation/copysyn_hifiganv1/SouthernEngland/p232/p232_007.wav	4.311404
../accent-evaluation/copysyn_hifiganv1/SouthernEngland/p232/p232_014.wav	4.244019
../accent-evaluation/copysyn_hifiganv1/Dublin/p245/p245_008.wav	4.1764827
../accent-evaluation/copysyn_hifiganv1/Dublin/p245/p245_006.wav	4.1347594
../accent-evaluation/copysyn_hifiganv1/Dublin/p340/p340_011.wav	3.615322
../accent-evaluation/copysyn_hifiganv1/SouthernEngland/p258/p258_012.wav	3.6610246
../accent-evaluation/copysyn_hifiganv1/SouthernEngland/p258/p258_013.wav	3.6965096
../accent-evaluation/copysyn_hifiganv1/Edinburgh/p252/p252_009.wav	3.966386
../accent-evaluation/copysyn_hifiganv1/SouthernEngland/p268/p268_004.wav	3.6901147
../accent-evaluation/copysyn_hifiganv1/SouthernEngland/p226/p226_001.wav	3.5913892
../accent-evaluation/copysyn_hifiganv1/SouthernEngland/p228/p228_012.wav	4.08075
../accent-evaluation/copysyn_hifiganv1/SouthernEngland/p240/p240_008.wav	3.9972808
../accent-evaluation/copysyn_hifiganv1/Edinburgh/p262/p262_012.wav	3.683263
../accent-evaluation/copysyn_hifiganv1/SouthernEngland/p226/p226_020.wav	3.7691956
../accent-evaluation/copysyn_hifiganv1/SouthernEngland/p258/p258_005.wav	3.4403198
../accent-evaluation/copysyn_hifiganv1/Dublin/p245/p245_021.wav	3.8827436
../accent-evaluation/copysyn_hifiganv1/Dublin/p245/p245_023.wav	3.9294481
../accent-evaluation/copysyn_hifiganv1/SouthernEngland/p232/p232_002.wav	4.1635675
../accent-evaluation/copysyn_hifiganv1/Edinburgh/p272/p272_007.wav	3.4144309
../accent-evaluation/copysyn_hifiganv1/SouthernEngland/p232/p232_006.wav	4.316798
../accent-evaluation/copysyn_hifiganv1/Edinburgh/p252/p252_013.wav	3.8424757
../accent-evaluation/copysyn_hifiganv1/SouthernEngland/p268/p268_017.wav	4.0359206
../accent-evaluation/copysyn_hifiganv1/SouthernEngland/p258/p258_014.wav	3.569032
../accent-evaluation/copysyn_hifiganv1/SouthernEngland/p257/p257_023.wav	3.7081923
../accent-evaluation/copysyn_hifiganv1/Dublin/p288/p288_002.wav	3.9286458
../accent-evaluation/copysyn_hifiganv1/Edinburgh/p262/p262_007.wav	4.079302
../accent-evaluation/copysyn_hifiganv1/SouthernEngland/p240/p240_006.wav	3.883114
../accent-evaluation/copysyn_hifiganv1/SouthernEngland/p225/p225_002.wav	3.5779722
../accent-evaluation/copysyn_hifiganv1/Edinburgh/p285/p285_012.wav	3.779095
../accent-evaluation/copysyn_hifiganv1/SouthernEngland/p226/p226_005.wav	4.070671
../accent-evaluation/copysyn_hifiganv1/Dublin/p245/p245_022.wav	3.8293846
../accent-evaluation/copysyn_hifiganv1/Edinburgh/p262/p262_018.wav	3.6559837
../accent-evaluation/copysyn_hifiganv1/Edinburgh/p272/p272_011.wav	4.021151
../accent-evaluation/copysyn_hifiganv1/SouthernEngland/p232/p232_019.wav	3.7320454
../accent-evaluation/copysyn_hifiganv1/SouthernEngland/p226/p226_017.wav	3.9951694
../accent-evaluation/copysyn_hifiganv1/SouthernEngland/p257/p257_016.wav	3.3572922
../accent-evaluation/copysyn_hifiganv1/Dublin/p295/p295_010.wav	3.0691588
../accent-evaluation/copysyn_hifiganv1/SouthernEngland/p258/p258_011.wav	3.3438518
../accent-evaluation/copysyn_hifiganv1/SouthernEngland/p257/p257_008.wav	3.811254
../accent-evaluation/copysyn_hifiganv1/Edinburgh/p262/p262_011.wav	3.903314
../accent-evaluation/copysyn_hifiganv1/Dublin/p288/p288_012.wav	4.0400786
../accent-evaluation/copysyn_hifiganv1/SouthernEngland/p225/p225_016.wav	3.6929324
../accent-evaluation/copysyn_hifiganv1/SouthernEngland/p258/p258_008.wav	3.396052
../accent-evaluation/copysyn_hifiganv1/SouthernEngland/p258/p258_001.wav	3.0848646
../accent-evaluation/copysyn_hifiganv1/Edinburgh/p272/p272_015.wav	4.04189
../accent-evaluation/copysyn_hifiganv1/Dublin/p340/p340_010.wav	3.8130312
../accent-evaluation/copysyn_hifiganv1/Edinburgh/p252/p252_003.wav	4.1251454
../accent-evaluation/copysyn_hifiganv1/Dublin/p295/p295_020.wav	3.4092152
../accent-evaluation/copysyn_hifiganv1/SouthernEngland/p229/p229_005.wav	4.3347683
../accent-evaluation/copysyn_hifiganv1/SouthernEngland/p268/p268_005.wav	3.9908187
../accent-evaluation/copysyn_hifiganv1/Dublin/p340/p340_012.wav	3.6532164
../accent-evaluation/copysyn_hifiganv1/Edinburgh/p281/p281_008.wav	3.7117102
../accent-evaluation/copysyn_hifiganv1/Dublin/p295/p295_018.wav	3.2802148
../accent-evaluation/copysyn_hifiganv1/Edinburgh/p285/p285_022.wav	3.5460157
../accent-evaluation/copysyn_hifiganv1/Edinburgh/p262/p262_023.wav	3.664651
../accent-evaluation/copysyn_hifiganv1/Dublin/p288/p288_006.wav	4.075551
../accent-evaluation/copysyn_hifiganv1/Dublin/p340/p340_017.wav	3.9536953
../accent-evaluation/copysyn_hifiganv1/Dublin/p295/p295_006.wav	3.4650073
../accent-evaluation/copysyn_hifiganv1/SouthernEngland/p226/p226_002.wav	3.772757
../accent-evaluation/copysyn_hifiganv1/SouthernEngland/p228/p228_016.wav	3.5683274
../accent-evaluation/copysyn_hifiganv1/SouthernEngland/p228/p228_001.wav	3.5083313
../accent-evaluation/copysyn_hifiganv1/SouthernEngland/p231/p231_019.wav	3.6352456
../accent-evaluation/copysyn_hifiganv1/SouthernEngland/p226/p226_004.wav	4.160429
../accent-evaluation/copysyn_hifiganv1/SouthernEngland/p226/p226_010.wav	3.7920864
../accent-evaluation/copysyn_hifiganv1/Edinburgh/p281/p281_023.wav	3.488949
../accent-evaluation/copysyn_hifiganv1/SouthernEngland/p229/p229_022.wav	3.747874
../accent-evaluation/copysyn_hifiganv1/SouthernEngland/p257/p257_001.wav	3.2549925
../accent-evaluation/copysyn_hifiganv1/SouthernEngland/p258/p258_006.wav	3.5249987
../accent-evaluation/copysyn_hifiganv1/SouthernEngland/p240/p240_021.wav	4.0249553
../accent-evaluation/copysyn_hifiganv1/SouthernEngland/p231/p231_007.wav	4.134199
../accent-evaluation/copysyn_hifiganv1/SouthernEngland/p226/p226_021.wav	3.7603965
../accent-evaluation/copysyn_hifiganv1/SouthernEngland/p232/p232_001.wav	4.1878295
../accent-evaluation/copysyn_hifiganv1/SouthernEngland/p225/p225_011.wav	3.7824366
../accent-evaluation/copysyn_hifiganv1/SouthernEngland/p257/p257_011.wav	3.745398
../accent-evaluation/copysyn_hifiganv1/SouthernEngland/p228/p228_013.wav	4.0159645
../accent-evaluation/copysyn_hifiganv1/SouthernEngland/p232/p232_013.wav	4.148072
../accent-evaluation/copysyn_hifiganv1/Dublin/p340/p340_018.wav	3.7374122
../accent-evaluation/copysyn_hifiganv1/SouthernEngland/p228/p228_018.wav	4.0449376
../accent-evaluation/copysyn_hifiganv1/Dublin/p340/p340_019.wav	3.6347308
../accent-evaluation/copysyn_hifiganv1/SouthernEngland/p258/p258_007.wav	3.6480036
../accent-evaluation/copysyn_hifiganv1/SouthernEngland/p231/p231_013.wav	3.587366
../accent-evaluation/copysyn_hifiganv1/Edinburgh/p262/p262_002.wav	3.9876733
../accent-evaluation/copysyn_hifiganv1/Dublin/p288/p288_009.wav	3.9967115
../accent-evaluation/copysyn_hifiganv1/SouthernEngland/p240/p240_013.wav	3.884129
../accent-evaluation/copysyn_hifiganv1/SouthernEngland/p231/p231_010.wav	3.789127
../accent-evaluation/copysyn_hifiganv1/SouthernEngland/p257/p257_014.wav	3.6633916
../accent-evaluation/copysyn_hifiganv1/SouthernEngland/p231/p231_001.wav	3.6896026
../accent-evaluation/copysyn_hifiganv1/Edinburgh/p262/p262_016.wav	4.072499
../accent-evaluation/copysyn_hifiganv1/SouthernEngland/p240/p240_009.wav	4.0104976
../accent-evaluation/copysyn_hifiganv1/Dublin/p295/p295_007.wav	3.1505682
../accent-evaluation/copysyn_hifiganv1/Dublin/p288/p288_013.wav	3.8991294
../accent-evaluation/copysyn_hifiganv1/SouthernEngland/p232/p232_017.wav	4.1509724
../accent-evaluation/copysyn_hifiganv1/Dublin/p295/p295_015.wav	3.623696
../accent-evaluation/copysyn_hifiganv1/Edinburgh/p262/p262_009.wav	3.815473
../accent-evaluation/copysyn_hifiganv1/Dublin/p245/p245_016.wav	3.7691605
../accent-evaluation/copysyn_hifiganv1/SouthernEngland/p257/p257_009.wav	3.648858
../accent-evaluation/copysyn_hifiganv1/SouthernEngland/p225/p225_012.wav	3.4680247
../accent-evaluation/copysyn_hifiganv1/SouthernEngland/p229/p229_012.wav	4.1556034
../accent-evaluation/copysyn_hifiganv1/SouthernEngland/p226/p226_014.wav	3.6452162
../accent-evaluation/copysyn_hifiganv1/Dublin/p295/p295_014.wav	3.1345434
../accent-evaluation/copysyn_hifiganv1/SouthernEngland/p228/p228_015.wav	3.742774
../accent-evaluation/copysyn_hifiganv1/SouthernEngland/p229/p229_019.wav	3.9921951
../accent-evaluation/copysyn_hifiganv1/Edinburgh/p252/p252_020.wav	3.9750104
../accent-evaluation/copysyn_hifiganv1/Dublin/p288/p288_015.wav	4.180838
../accent-evaluation/copysyn_hifiganv1/SouthernEngland/p232/p232_011.wav	4.011231
../accent-evaluation/copysyn_hifiganv1/SouthernEngland/p225/p225_014.wav	3.709848
../accent-evaluation/copysyn_hifiganv1/Edinburgh/p252/p252_023.wav	3.6553984
../accent-evaluation/copysyn_hifiganv1/Dublin/p245/p245_005.wav	4.256584
../accent-evaluation/copysyn_hifiganv1/SouthernEngland/p257/p257_019.wav	3.5393069
../accent-evaluation/copysyn_hifiganv1/SouthernEngland/p257/p257_005.wav	3.7843847
../accent-evaluation/copysyn_hifiganv1/SouthernEngland/p225/p225_008.wav	3.6990273
../accent-evaluation/copysyn_hifiganv1/SouthernEngland/p231/p231_016.wav	3.9042141
../accent-evaluation/copysyn_hifiganv1/SouthernEngland/p240/p240_020.wav	3.6299706
../accent-evaluation/copysyn_hifiganv1/SouthernEngland/p225/p225_003.wav	3.8593855
../accent-evaluation/copysyn_hifiganv1/Edinburgh/p262/p262_017.wav	3.786994
../accent-evaluation/copysyn_hifiganv1/SouthernEngland/p225/p225_010.wav	3.562769
../accent-evaluation/copysyn_hifiganv1/SouthernEngland/p229/p229_004.wav	4.1477804
../accent-evaluation/copysyn_hifiganv1/Edinburgh/p285/p285_007.wav	3.9315207
../accent-evaluation/copysyn_hifiganv1/Dublin/p295/p295_012.wav	3.6506038
../accent-evaluation/copysyn_hifiganv1/Edinburgh/p272/p272_006.wav	4.1562667
../accent-evaluation/copysyn_hifiganv1/Edinburgh/p272/p272_004.wav	4.0430245
../accent-evaluation/copysyn_hifiganv1/Edinburgh/p252/p252_001.wav	4.0242805
../accent-evaluation/copysyn_hifiganv1/Dublin/p295/p295_021.wav	3.3717997
../accent-evaluation/copysyn_hifiganv1/Dublin/p340/p340_009.wav	3.7132053
../accent-evaluation/copysyn_hifiganv1/Dublin/p295/p295_016.wav	3.5788364
../accent-evaluation/copysyn_hifiganv1/SouthernEngland/p231/p231_015.wav	4.1357183
../accent-evaluation/copysyn_hifiganv1/Edinburgh/p272/p272_020.wav	4.0645256
../accent-evaluation/copysyn_hifiganv1/SouthernEngland/p229/p229_020.wav	4.2526093
../accent-evaluation/copysyn_hifiganv1/SouthernEngland/p232/p232_020.wav	4.082474
../accent-evaluation/copysyn_hifiganv1/Edinburgh/p281/p281_013.wav	3.4358602
../accent-evaluation/copysyn_hifiganv1/Edinburgh/p285/p285_004.wav	3.5458772
../accent-evaluation/copysyn_hifiganv1/SouthernEngland/p229/p229_002.wav	4.2648945
../accent-evaluation/copysyn_hifiganv1/Dublin/p295/p295_017.wav	3.516249
../accent-evaluation/copysyn_hifiganv1/Dublin/p288/p288_003.wav	4.0660906
../accent-evaluation/copysyn_hifiganv1/Edinburgh/p285/p285_010.wav	3.3165245
../accent-evaluation/copysyn_hifiganv1/SouthernEngland/p257/p257_017.wav	3.5096426
../accent-evaluation/copysyn_hifiganv1/Edinburgh/p285/p285_017.wav	3.7391849
../accent-evaluation/copysyn_hifiganv1/Edinburgh/p252/p252_004.wav	3.8253043
../accent-evaluation/copysyn_hifiganv1/SouthernEngland/p229/p229_008.wav	3.6592865
../accent-evaluation/copysyn_hifiganv1/SouthernEngland/p257/p257_006.wav	3.6963978
../accent-evaluation/copysyn_hifiganv1/Dublin/p288/p288_004.wav	4.291265
../accent-evaluation/copysyn_hifiganv1/SouthernEngland/p268/p268_021.wav	4.0605125
../accent-evaluation/copysyn_hifiganv1/Dublin/p340/p340_004.wav	3.5974567
../accent-evaluation/copysyn_hifiganv1/SouthernEngland/p225/p225_019.wav	3.8610413
../accent-evaluation/copysyn_hifiganv1/Edinburgh/p262/p262_005.wav	4.034322
../accent-evaluation/copysyn_hifiganv1/Edinburgh/p262/p262_019.wav	3.9633527
../accent-evaluation/copysyn_hifiganv1/Dublin/p340/p340_007.wav	3.7154727
../accent-evaluation/copysyn_hifiganv1/Edinburgh/p285/p285_011.wav	3.5829394
../accent-evaluation/copysyn_hifiganv1/SouthernEngland/p226/p226_009.wav	4.15597
../accent-evaluation/copysyn_hifiganv1/SouthernEngland/p231/p231_014.wav	3.7463083
../accent-evaluation/copysyn_hifiganv1/SouthernEngland/p228/p228_007.wav	3.2325401
../accent-evaluation/copysyn_hifiganv1/Edinburgh/p281/p281_019.wav	3.4273825
../accent-evaluation/copysyn_hifiganv1/SouthernEngland/p231/p231_020.wav	3.7023146
../accent-evaluation/copysyn_hifiganv1/Dublin/p245/p245_017.wav	4.079865
../accent-evaluation/copysyn_hifiganv1/SouthernEngland/p228/p228_020.wav	4.120483
../accent-evaluation/copysyn_hifiganv1/Edinburgh/p262/p262_003.wav	3.9717257
../accent-evaluation/copysyn_hifiganv1/SouthernEngland/p225/p225_023.wav	3.6634328
../accent-evaluation/copysyn_hifiganv1/SouthernEngland/p229/p229_016.wav	3.9550574
../accent-evaluation/copysyn_hifiganv1/Dublin/p340/p340_014.wav	3.8402414
../accent-evaluation/copysyn_hifiganv1/SouthernEngland/p257/p257_021.wav	3.7550058
../accent-evaluation/copysyn_hifiganv1/SouthernEngland/p257/p257_015.wav	3.9099445
../accent-evaluation/copysyn_hifiganv1/SouthernEngland/p226/p226_018.wav	3.9610817
../accent-evaluation/copysyn_hifiganv1/Edinburgh/p252/p252_002.wav	3.932134
../accent-evaluation/copysyn_hifiganv1/SouthernEngland/p232/p232_015.wav	4.0439987
../accent-evaluation/copysyn_hifiganv1/SouthernEngland/p228/p228_006.wav	3.7865207
../accent-evaluation/copysyn_hifiganv1/Dublin/p295/p295_019.wav	3.439778
../accent-evaluation/copysyn_hifiganv1/Edinburgh/p252/p252_011.wav	3.8285875
../accent-evaluation/copysyn_hifiganv1/SouthernEngland/p229/p229_021.wav	4.145013
../accent-evaluation/copysyn_hifiganv1/SouthernEngland/p229/p229_015.wav	4.1929054
../accent-evaluation/copysyn_hifiganv1/Edinburgh/p272/p272_014.wav	3.7834442
../accent-evaluation/copysyn_hifiganv1/SouthernEngland/p229/p229_017.wav	4.13019
../accent-evaluation/copysyn_hifiganv1/SouthernEngland/p232/p232_018.wav	3.9482884
../accent-evaluation/copysyn_hifiganv1/Edinburgh/p281/p281_005.wav	3.2602637
../accent-evaluation/copysyn_hifiganv1/SouthernEngland/p257/p257_022.wav	3.7670674
../accent-evaluation/copysyn_hifiganv1/SouthernEngland/p231/p231_006.wav	3.9435043
../accent-evaluation/copysyn_hifiganv1/SouthernEngland/p225/p225_021.wav	3.7944756
../accent-evaluation/copysyn_hifiganv1/Dublin/p295/p295_022.wav	3.438052
../accent-evaluation/copysyn_hifiganv1/SouthernEngland/p240/p240_023.wav	3.796856
../accent-evaluation/copysyn_hifiganv1/Edinburgh/p252/p252_018.wav	3.686375
../accent-evaluation/copysyn_hifiganv1/Edinburgh/p272/p272_017.wav	3.899121
../accent-evaluation/copysyn_hifiganv1/Dublin/p295/p295_005.wav	3.2570705
../accent-evaluation/copysyn_hifiganv1/SouthernEngland/p268/p268_009.wav	4.163321
../accent-evaluation/copysyn_hifiganv1/SouthernEngland/p268/p268_022.wav	3.6443412
../accent-evaluation/copysyn_hifiganv1/SouthernEngland/p231/p231_012.wav	3.74956
../accent-evaluation/copysyn_hifiganv1/SouthernEngland/p257/p257_007.wav	3.6962132
../accent-evaluation/copysyn_hifiganv1/SouthernEngland/p232/p232_016.wav	3.8163526
../accent-evaluation/copysyn_hifiganv1/SouthernEngland/p258/p258_019.wav	3.698467
../accent-evaluation/copysyn_hifiganv1/Edinburgh/p281/p281_003.wav	3.7313137
../accent-evaluation/copysyn_hifiganv1/SouthernEngland/p229/p229_023.wav	4.0933685
../accent-evaluation/copysyn_hifiganv1/Dublin/p295/p295_003.wav	3.6026862
../accent-evaluation/copysyn_hifiganv1/SouthernEngland/p257/p257_010.wav	3.8634076
../accent-evaluation/copysyn_hifiganv1/Edinburgh/p285/p285_008.wav	3.468095
../accent-evaluation/copysyn_hifiganv1/Dublin/p288/p288_020.wav	3.953842
../accent-evaluation/copysyn_hifiganv1/Edinburgh/p281/p281_021.wav	3.3545332
../accent-evaluation/copysyn_hifiganv1/Dublin/p288/p288_005.wav	4.1355224
../accent-evaluation/copysyn_hifiganv1/Dublin/p288/p288_001.wav	3.6488087
../accent-evaluation/copysyn_hifiganv1/Edinburgh/p272/p272_009.wav	3.788502
../accent-evaluation/copysyn_hifiganv1/SouthernEngland/p240/p240_014.wav	3.7600806
../accent-evaluation/copysyn_hifiganv1/SouthernEngland/p268/p268_013.wav	3.5902295
../accent-evaluation/copysyn_hifiganv1/SouthernEngland/p226/p226_012.wav	3.566038
../accent-evaluation/copysyn_hifiganv1/SouthernEngland/p229/p229_001.wav	4.21909
../accent-evaluation/copysyn_hifiganv1/SouthernEngland/p226/p226_015.wav	3.7001433
../accent-evaluation/copysyn_hifiganv1/Dublin/p340/p340_015.wav	3.9853704
../accent-evaluation/copysyn_hifiganv1/SouthernEngland/p228/p228_011.wav	3.9284506
../accent-evaluation/copysyn_hifiganv1/Dublin/p340/p340_016.wav	3.7726567
../accent-evaluation/copysyn_hifiganv1/Edinburgh/p281/p281_017.wav	3.6013265
../accent-evaluation/copysyn_hifiganv1/Edinburgh/p285/p285_014.wav	3.523977
../accent-evaluation/copysyn_hifiganv1/Edinburgh/p262/p262_013.wav	3.8885157
../accent-evaluation/copysyn_hifiganv1/Dublin/p245/p245_012.wav	4.2306824
../accent-evaluation/copysyn_hifiganv1/Dublin/p245/p245_019.wav	3.696931
../accent-evaluation/copysyn_hifiganv1/Edinburgh/p285/p285_009.wav	3.7273293
../accent-evaluation/copysyn_hifiganv1/SouthernEngland/p258/p258_021.wav	3.6600335
../accent-evaluation/copysyn_hifiganv1/Dublin/p295/p295_011.wav	3.1604981
../accent-evaluation/copysyn_hifiganv1/Edinburgh/p281/p281_015.wav	3.6816175
../accent-evaluation/copysyn_hifiganv1/SouthernEngland/p257/p257_020.wav	3.6919909
../accent-evaluation/copysyn_hifiganv1/SouthernEngland/p225/p225_006.wav	3.8185527
../accent-evaluation/copysyn_hifiganv1/Dublin/p295/p295_002.wav	3.6487682
../accent-evaluation/copysyn_hifiganv1/Dublin/p245/p245_004.wav	4.0519114
../accent-evaluation/copysyn_hifiganv1/SouthernEngland/p258/p258_009.wav	3.5365467
../accent-evaluation/copysyn_hifiganv1/Dublin/p288/p288_007.wav	4.1444864
../accent-evaluation/copysyn_hifiganv1/Edinburgh/p281/p281_004.wav	3.5349538
../accent-evaluation/copysyn_hifiganv1/SouthernEngland/p268/p268_010.wav	3.8696864
../accent-evaluation/copysyn_hifiganv1/SouthernEngland/p226/p226_008.wav	4.1069813
../accent-evaluation/copysyn_hifiganv1/Edinburgh/p281/p281_016.wav	3.529743
../accent-evaluation/copysyn_hifiganv1/Edinburgh/p285/p285_002.wav	3.8563135
../accent-evaluation/copysyn_hifiganv1/Edinburgh/p285/p285_003.wav	3.7901645
../accent-evaluation/copysyn_hifiganv1/Edinburgh/p281/p281_007.wav	3.2637672
../accent-evaluation/copysyn_hifiganv1/SouthernEngland/p225/p225_017.wav	3.928104
../accent-evaluation/copysyn_hifiganv1/Edinburgh/p272/p272_010.wav	3.9359412
../accent-evaluation/copysyn_hifiganv1/SouthernEngland/p232/p232_021.wav	4.1087527
../accent-evaluation/copysyn_hifiganv1/SouthernEngland/p231/p231_003.wav	4.001647
../accent-evaluation/copysyn_hifiganv1/SouthernEngland/p258/p258_015.wav	3.5440218
../accent-evaluation/copysyn_hifiganv1/Edinburgh/p262/p262_022.wav	3.8581352
../accent-evaluation/copysyn_hifiganv1/Dublin/p245/p245_009.wav	4.1518354
../accent-evaluation/copysyn_hifiganv1/Dublin/p340/p340_002.wav	4.058033
../accent-evaluation/copysyn_hifiganv1/SouthernEngland/p229/p229_014.wav	3.9730144
../accent-evaluation/copysyn_hifiganv1/SouthernEngland/p225/p225_018.wav	3.885695
../accent-evaluation/copysyn_hifiganv1/SouthernEngland/p268/p268_012.wav	3.833874
../accent-evaluation/copysyn_hifiganv1/Edinburgh/p272/p272_013.wav	3.754489
../accent-evaluation/copysyn_hifiganv1/SouthernEngland/p268/p268_014.wav	3.6328173
../accent-evaluation/copysyn_hifiganv1/Dublin/p340/p340_013.wav	3.7337928
../accent-evaluation/copysyn_hifiganv1/Edinburgh/p285/p285_016.wav	3.5914173
../accent-evaluation/copysyn_hifiganv1/SouthernEngland/p258/p258_016.wav	3.48505
../accent-evaluation/copysyn_hifiganv1/Dublin/p340/p340_001.wav	3.99142
../accent-evaluation/copysyn_hifiganv1/SouthernEngland/p229/p229_007.wav	4.1796737
