../accent-evaluation/xtts_22.05k_corrupt60k_vol0.4_100ms/Edinburgh/p281/p281_021.wav	3.951384
../accent-evaluation/xtts_22.05k_corrupt60k_vol0.4_100ms/SouthernEngland/p225/p225_020.wav	4.3757467
../accent-evaluation/xtts_22.05k_corrupt60k_vol0.4_100ms/Edinburgh/p262/p262_010.wav	4.2946177
../accent-evaluation/xtts_22.05k_corrupt60k_vol0.4_100ms/Dublin/p245/p245_015.wav	4.0080786
../accent-evaluation/xtts_22.05k_corrupt60k_vol0.4_100ms/SouthernEngland/p225/p225_018.wav	3.823568
../accent-evaluation/xtts_22.05k_corrupt60k_vol0.4_100ms/SouthernEngland/p258/p258_005.wav	3.9673147
../accent-evaluation/xtts_22.05k_corrupt60k_vol0.4_100ms/SouthernEngland/p258/p258_011.wav	4.186222
../accent-evaluation/xtts_22.05k_corrupt60k_vol0.4_100ms/Edinburgh/p252/p252_017.wav	4.102264
../accent-evaluation/xtts_22.05k_corrupt60k_vol0.4_100ms/SouthernEngland/p257/p257_013.wav	4.058483
../accent-evaluation/xtts_22.05k_corrupt60k_vol0.4_100ms/SouthernEngland/p228/p228_003.wav	4.3797154
../accent-evaluation/xtts_22.05k_corrupt60k_vol0.4_100ms/Edinburgh/p281/p281_010.wav	3.9998837
../accent-evaluation/xtts_22.05k_corrupt60k_vol0.4_100ms/Edinburgh/p285/p285_002.wav	4.414461
../accent-evaluation/xtts_22.05k_corrupt60k_vol0.4_100ms/SouthernEngland/p258/p258_015.wav	4.3467917
../accent-evaluation/xtts_22.05k_corrupt60k_vol0.4_100ms/Edinburgh/p281/p281_023.wav	3.7285132
../accent-evaluation/xtts_22.05k_corrupt60k_vol0.4_100ms/Edinburgh/p252/p252_020.wav	4.2151875
../accent-evaluation/xtts_22.05k_corrupt60k_vol0.4_100ms/SouthernEngland/p258/p258_010.wav	3.8769557
../accent-evaluation/xtts_22.05k_corrupt60k_vol0.4_100ms/Edinburgh/p272/p272_020.wav	4.3671665
../accent-evaluation/xtts_22.05k_corrupt60k_vol0.4_100ms/Edinburgh/p272/p272_008.wav	3.9516482
../accent-evaluation/xtts_22.05k_corrupt60k_vol0.4_100ms/Edinburgh/p262/p262_022.wav	4.394884
../accent-evaluation/xtts_22.05k_corrupt60k_vol0.4_100ms/SouthernEngland/p228/p228_010.wav	3.82272
../accent-evaluation/xtts_22.05k_corrupt60k_vol0.4_100ms/SouthernEngland/p226/p226_013.wav	4.399041
../accent-evaluation/xtts_22.05k_corrupt60k_vol0.4_100ms/SouthernEngland/p240/p240_014.wav	3.532441
../accent-evaluation/xtts_22.05k_corrupt60k_vol0.4_100ms/SouthernEngland/p226/p226_020.wav	4.305764
../accent-evaluation/xtts_22.05k_corrupt60k_vol0.4_100ms/Edinburgh/p281/p281_018.wav	3.6576934
../accent-evaluation/xtts_22.05k_corrupt60k_vol0.4_100ms/SouthernEngland/p257/p257_007.wav	4.383313
../accent-evaluation/xtts_22.05k_corrupt60k_vol0.4_100ms/Dublin/p340/p340_021.wav	4.3805847
../accent-evaluation/xtts_22.05k_corrupt60k_vol0.4_100ms/Dublin/p245/p245_023.wav	4.258422
../accent-evaluation/xtts_22.05k_corrupt60k_vol0.4_100ms/Edinburgh/p252/p252_009.wav	3.9200213
../accent-evaluation/xtts_22.05k_corrupt60k_vol0.4_100ms/SouthernEngland/p240/p240_001.wav	4.35671
../accent-evaluation/xtts_22.05k_corrupt60k_vol0.4_100ms/SouthernEngland/p226/p226_023.wav	4.364832
../accent-evaluation/xtts_22.05k_corrupt60k_vol0.4_100ms/SouthernEngland/p231/p231_014.wav	4.4103284
../accent-evaluation/xtts_22.05k_corrupt60k_vol0.4_100ms/Edinburgh/p262/p262_009.wav	3.9385767
../accent-evaluation/xtts_22.05k_corrupt60k_vol0.4_100ms/SouthernEngland/p225/p225_017.wav	3.6603303
../accent-evaluation/xtts_22.05k_corrupt60k_vol0.4_100ms/SouthernEngland/p240/p240_008.wav	3.9847827
../accent-evaluation/xtts_22.05k_corrupt60k_vol0.4_100ms/Dublin/p340/p340_010.wav	4.204069
../accent-evaluation/xtts_22.05k_corrupt60k_vol0.4_100ms/Dublin/p340/p340_006.wav	4.3166995
../accent-evaluation/xtts_22.05k_corrupt60k_vol0.4_100ms/SouthernEngland/p225/p225_016.wav	4.313112
../accent-evaluation/xtts_22.05k_corrupt60k_vol0.4_100ms/Edinburgh/p285/p285_018.wav	4.406519
../accent-evaluation/xtts_22.05k_corrupt60k_vol0.4_100ms/SouthernEngland/p257/p257_020.wav	4.2577033
../accent-evaluation/xtts_22.05k_corrupt60k_vol0.4_100ms/Edinburgh/p285/p285_010.wav	4.2573366
../accent-evaluation/xtts_22.05k_corrupt60k_vol0.4_100ms/SouthernEngland/p231/p231_002.wav	4.4339027
../accent-evaluation/xtts_22.05k_corrupt60k_vol0.4_100ms/Edinburgh/p272/p272_004.wav	4.382193
../accent-evaluation/xtts_22.05k_corrupt60k_vol0.4_100ms/SouthernEngland/p232/p232_006.wav	4.4579916
../accent-evaluation/xtts_22.05k_corrupt60k_vol0.4_100ms/SouthernEngland/p232/p232_020.wav	4.4774723
../accent-evaluation/xtts_22.05k_corrupt60k_vol0.4_100ms/Dublin/p340/p340_009.wav	4.3888597
../accent-evaluation/xtts_22.05k_corrupt60k_vol0.4_100ms/Edinburgh/p272/p272_019.wav	4.160355
../accent-evaluation/xtts_22.05k_corrupt60k_vol0.4_100ms/Dublin/p340/p340_020.wav	4.006498
../accent-evaluation/xtts_22.05k_corrupt60k_vol0.4_100ms/Dublin/p340/p340_014.wav	4.3704185
../accent-evaluation/xtts_22.05k_corrupt60k_vol0.4_100ms/SouthernEngland/p228/p228_021.wav	3.9169343
../accent-evaluation/xtts_22.05k_corrupt60k_vol0.4_100ms/SouthernEngland/p258/p258_022.wav	3.8280568
../accent-evaluation/xtts_22.05k_corrupt60k_vol0.4_100ms/SouthernEngland/p229/p229_005.wav	4.4409084
../accent-evaluation/xtts_22.05k_corrupt60k_vol0.4_100ms/SouthernEngland/p232/p232_021.wav	4.333394
../accent-evaluation/xtts_22.05k_corrupt60k_vol0.4_100ms/SouthernEngland/p258/p258_001.wav	4.293622
../accent-evaluation/xtts_22.05k_corrupt60k_vol0.4_100ms/SouthernEngland/p240/p240_006.wav	4.3565063
../accent-evaluation/xtts_22.05k_corrupt60k_vol0.4_100ms/Edinburgh/p252/p252_004.wav	4.211453
../accent-evaluation/xtts_22.05k_corrupt60k_vol0.4_100ms/Edinburgh/p272/p272_018.wav	4.272488
../accent-evaluation/xtts_22.05k_corrupt60k_vol0.4_100ms/Edinburgh/p252/p252_011.wav	4.1407876
../accent-evaluation/xtts_22.05k_corrupt60k_vol0.4_100ms/SouthernEngland/p240/p240_015.wav	4.1623106
../accent-evaluation/xtts_22.05k_corrupt60k_vol0.4_100ms/SouthernEngland/p225/p225_009.wav	3.8785925
../accent-evaluation/xtts_22.05k_corrupt60k_vol0.4_100ms/Dublin/p245/p245_005.wav	4.451585
../accent-evaluation/xtts_22.05k_corrupt60k_vol0.4_100ms/Edinburgh/p272/p272_017.wav	4.3081555
../accent-evaluation/xtts_22.05k_corrupt60k_vol0.4_100ms/SouthernEngland/p231/p231_017.wav	4.36147
../accent-evaluation/xtts_22.05k_corrupt60k_vol0.4_100ms/SouthernEngland/p228/p228_006.wav	4.376824
../accent-evaluation/xtts_22.05k_corrupt60k_vol0.4_100ms/SouthernEngland/p229/p229_016.wav	4.437077
../accent-evaluation/xtts_22.05k_corrupt60k_vol0.4_100ms/Edinburgh/p252/p252_001.wav	4.0506744
../accent-evaluation/xtts_22.05k_corrupt60k_vol0.4_100ms/SouthernEngland/p257/p257_005.wav	3.9045062
../accent-evaluation/xtts_22.05k_corrupt60k_vol0.4_100ms/Edinburgh/p281/p281_012.wav	3.777986
../accent-evaluation/xtts_22.05k_corrupt60k_vol0.4_100ms/Dublin/p288/p288_023.wav	3.8770692
../accent-evaluation/xtts_22.05k_corrupt60k_vol0.4_100ms/Edinburgh/p252/p252_010.wav	4.1522565
../accent-evaluation/xtts_22.05k_corrupt60k_vol0.4_100ms/Dublin/p288/p288_013.wav	4.3315043
../accent-evaluation/xtts_22.05k_corrupt60k_vol0.4_100ms/Edinburgh/p281/p281_013.wav	3.7951555
../accent-evaluation/xtts_22.05k_corrupt60k_vol0.4_100ms/Edinburgh/p281/p281_007.wav	4.0230203
../accent-evaluation/xtts_22.05k_corrupt60k_vol0.4_100ms/SouthernEngland/p228/p228_013.wav	3.9985983
../accent-evaluation/xtts_22.05k_corrupt60k_vol0.4_100ms/SouthernEngland/p226/p226_022.wav	4.388603
../accent-evaluation/xtts_22.05k_corrupt60k_vol0.4_100ms/SouthernEngland/p228/p228_022.wav	4.346247
../accent-evaluation/xtts_22.05k_corrupt60k_vol0.4_100ms/SouthernEngland/p232/p232_007.wav	4.3243065
../accent-evaluation/xtts_22.05k_corrupt60k_vol0.4_100ms/Edinburgh/p272/p272_012.wav	3.9769692
../accent-evaluation/xtts_22.05k_corrupt60k_vol0.4_100ms/SouthernEngland/p229/p229_009.wav	4.39783
../accent-evaluation/xtts_22.05k_corrupt60k_vol0.4_100ms/SouthernEngland/p225/p225_001.wav	4.311948
../accent-evaluation/xtts_22.05k_corrupt60k_vol0.4_100ms/SouthernEngland/p225/p225_003.wav	3.6697767
../accent-evaluation/xtts_22.05k_corrupt60k_vol0.4_100ms/Dublin/p288/p288_003.wav	4.398839
../accent-evaluation/xtts_22.05k_corrupt60k_vol0.4_100ms/SouthernEngland/p228/p228_012.wav	4.087534
../accent-evaluation/xtts_22.05k_corrupt60k_vol0.4_100ms/SouthernEngland/p229/p229_004.wav	4.396675
../accent-evaluation/xtts_22.05k_corrupt60k_vol0.4_100ms/SouthernEngland/p257/p257_011.wav	3.780193
../accent-evaluation/xtts_22.05k_corrupt60k_vol0.4_100ms/SouthernEngland/p240/p240_022.wav	4.0917106
../accent-evaluation/xtts_22.05k_corrupt60k_vol0.4_100ms/Dublin/p340/p340_012.wav	4.1922626
../accent-evaluation/xtts_22.05k_corrupt60k_vol0.4_100ms/SouthernEngland/p226/p226_001.wav	3.982082
../accent-evaluation/xtts_22.05k_corrupt60k_vol0.4_100ms/Edinburgh/p262/p262_005.wav	4.0183983
../accent-evaluation/xtts_22.05k_corrupt60k_vol0.4_100ms/SouthernEngland/p225/p225_007.wav	4.3133454
../accent-evaluation/xtts_22.05k_corrupt60k_vol0.4_100ms/SouthernEngland/p225/p225_004.wav	4.367529
../accent-evaluation/xtts_22.05k_corrupt60k_vol0.4_100ms/SouthernEngland/p232/p232_023.wav	3.9395444
../accent-evaluation/xtts_22.05k_corrupt60k_vol0.4_100ms/Edinburgh/p252/p252_007.wav	4.077176
../accent-evaluation/xtts_22.05k_corrupt60k_vol0.4_100ms/SouthernEngland/p229/p229_017.wav	4.3242025
../accent-evaluation/xtts_22.05k_corrupt60k_vol0.4_100ms/SouthernEngland/p240/p240_012.wav	4.389709
../accent-evaluation/xtts_22.05k_corrupt60k_vol0.4_100ms/SouthernEngland/p228/p228_014.wav	4.333372
../accent-evaluation/xtts_22.05k_corrupt60k_vol0.4_100ms/Dublin/p340/p340_005.wav	3.912672
../accent-evaluation/xtts_22.05k_corrupt60k_vol0.4_100ms/SouthernEngland/p231/p231_004.wav	3.9671483
../accent-evaluation/xtts_22.05k_corrupt60k_vol0.4_100ms/SouthernEngland/p258/p258_017.wav	3.6461146
../accent-evaluation/xtts_22.05k_corrupt60k_vol0.4_100ms/Edinburgh/p285/p285_011.wav	4.235105
../accent-evaluation/xtts_22.05k_corrupt60k_vol0.4_100ms/SouthernEngland/p232/p232_013.wav	4.4678555
../accent-evaluation/xtts_22.05k_corrupt60k_vol0.4_100ms/Edinburgh/p252/p252_022.wav	4.211882
../accent-evaluation/xtts_22.05k_corrupt60k_vol0.4_100ms/Edinburgh/p285/p285_016.wav	4.1830473
../accent-evaluation/xtts_22.05k_corrupt60k_vol0.4_100ms/SouthernEngland/p240/p240_018.wav	3.551598
../accent-evaluation/xtts_22.05k_corrupt60k_vol0.4_100ms/Edinburgh/p281/p281_009.wav	4.1546807
../accent-evaluation/xtts_22.05k_corrupt60k_vol0.4_100ms/SouthernEngland/p226/p226_008.wav	4.029145
../accent-evaluation/xtts_22.05k_corrupt60k_vol0.4_100ms/SouthernEngland/p232/p232_003.wav	4.4452143
../accent-evaluation/xtts_22.05k_corrupt60k_vol0.4_100ms/Edinburgh/p262/p262_003.wav	4.053242
../accent-evaluation/xtts_22.05k_corrupt60k_vol0.4_100ms/Edinburgh/p285/p285_009.wav	3.7952983
../accent-evaluation/xtts_22.05k_corrupt60k_vol0.4_100ms/SouthernEngland/p229/p229_018.wav	3.9140685
../accent-evaluation/xtts_22.05k_corrupt60k_vol0.4_100ms/SouthernEngland/p228/p228_015.wav	4.337701
../accent-evaluation/xtts_22.05k_corrupt60k_vol0.4_100ms/SouthernEngland/p231/p231_012.wav	4.300311
../accent-evaluation/xtts_22.05k_corrupt60k_vol0.4_100ms/SouthernEngland/p257/p257_004.wav	4.3939223
../accent-evaluation/xtts_22.05k_corrupt60k_vol0.4_100ms/Edinburgh/p285/p285_012.wav	4.209454
../accent-evaluation/xtts_22.05k_corrupt60k_vol0.4_100ms/SouthernEngland/p257/p257_006.wav	3.9990573
../accent-evaluation/xtts_22.05k_corrupt60k_vol0.4_100ms/Dublin/p245/p245_001.wav	4.3131757
../accent-evaluation/xtts_22.05k_corrupt60k_vol0.4_100ms/Dublin/p340/p340_003.wav	4.300297
../accent-evaluation/xtts_22.05k_corrupt60k_vol0.4_100ms/SouthernEngland/p258/p258_012.wav	4.2989483
../accent-evaluation/xtts_22.05k_corrupt60k_vol0.4_100ms/Dublin/p245/p245_019.wav	4.393159
../accent-evaluation/xtts_22.05k_corrupt60k_vol0.4_100ms/Edinburgh/p285/p285_020.wav	4.440979
../accent-evaluation/xtts_22.05k_corrupt60k_vol0.4_100ms/Edinburgh/p285/p285_007.wav	3.9297512
../accent-evaluation/xtts_22.05k_corrupt60k_vol0.4_100ms/Edinburgh/p285/p285_021.wav	4.377398
../accent-evaluation/xtts_22.05k_corrupt60k_vol0.4_100ms/Edinburgh/p281/p281_008.wav	4.0667505
../accent-evaluation/xtts_22.05k_corrupt60k_vol0.4_100ms/Dublin/p245/p245_008.wav	3.9841566
../accent-evaluation/xtts_22.05k_corrupt60k_vol0.4_100ms/Edinburgh/p285/p285_014.wav	4.295471
../accent-evaluation/xtts_22.05k_corrupt60k_vol0.4_100ms/SouthernEngland/p240/p240_013.wav	3.8698604
../accent-evaluation/xtts_22.05k_corrupt60k_vol0.4_100ms/Edinburgh/p262/p262_018.wav	4.159108
../accent-evaluation/xtts_22.05k_corrupt60k_vol0.4_100ms/Dublin/p288/p288_011.wav	3.749538
../accent-evaluation/xtts_22.05k_corrupt60k_vol0.4_100ms/Edinburgh/p272/p272_003.wav	3.9681754
../accent-evaluation/xtts_22.05k_corrupt60k_vol0.4_100ms/SouthernEngland/p232/p232_018.wav	4.445627
../accent-evaluation/xtts_22.05k_corrupt60k_vol0.4_100ms/SouthernEngland/p231/p231_013.wav	4.3931665
../accent-evaluation/xtts_22.05k_corrupt60k_vol0.4_100ms/Edinburgh/p252/p252_018.wav	4.2065854
../accent-evaluation/xtts_22.05k_corrupt60k_vol0.4_100ms/SouthernEngland/p268/p268_016.wav	3.8869486
../accent-evaluation/xtts_22.05k_corrupt60k_vol0.4_100ms/Edinburgh/p252/p252_002.wav	4.062527
../accent-evaluation/xtts_22.05k_corrupt60k_vol0.4_100ms/SouthernEngland/p229/p229_008.wav	4.4356885
../accent-evaluation/xtts_22.05k_corrupt60k_vol0.4_100ms/SouthernEngland/p268/p268_006.wav	3.962246
../accent-evaluation/xtts_22.05k_corrupt60k_vol0.4_100ms/SouthernEngland/p257/p257_001.wav	3.7275987
../accent-evaluation/xtts_22.05k_corrupt60k_vol0.4_100ms/SouthernEngland/p268/p268_003.wav	4.30601
../accent-evaluation/xtts_22.05k_corrupt60k_vol0.4_100ms/Dublin/p245/p245_011.wav	4.4168863
../accent-evaluation/xtts_22.05k_corrupt60k_vol0.4_100ms/SouthernEngland/p232/p232_015.wav	4.503042
../accent-evaluation/xtts_22.05k_corrupt60k_vol0.4_100ms/Edinburgh/p272/p272_009.wav	4.436308
../accent-evaluation/xtts_22.05k_corrupt60k_vol0.4_100ms/Edinburgh/p285/p285_023.wav	3.9091237
../accent-evaluation/xtts_22.05k_corrupt60k_vol0.4_100ms/Dublin/p340/p340_019.wav	3.8845382
../accent-evaluation/xtts_22.05k_corrupt60k_vol0.4_100ms/SouthernEngland/p225/p225_002.wav	4.0672965
../accent-evaluation/xtts_22.05k_corrupt60k_vol0.4_100ms/SouthernEngland/p231/p231_007.wav	4.2178817
../accent-evaluation/xtts_22.05k_corrupt60k_vol0.4_100ms/SouthernEngland/p232/p232_010.wav	4.444771
../accent-evaluation/xtts_22.05k_corrupt60k_vol0.4_100ms/SouthernEngland/p268/p268_001.wav	3.254488
../accent-evaluation/xtts_22.05k_corrupt60k_vol0.4_100ms/Edinburgh/p281/p281_020.wav	3.7290292
../accent-evaluation/xtts_22.05k_corrupt60k_vol0.4_100ms/SouthernEngland/p258/p258_021.wav	4.1308784
../accent-evaluation/xtts_22.05k_corrupt60k_vol0.4_100ms/SouthernEngland/p231/p231_016.wav	4.36169
../accent-evaluation/xtts_22.05k_corrupt60k_vol0.4_100ms/SouthernEngland/p258/p258_019.wav	4.240851
../accent-evaluation/xtts_22.05k_corrupt60k_vol0.4_100ms/SouthernEngland/p232/p232_002.wav	3.8606293
../accent-evaluation/xtts_22.05k_corrupt60k_vol0.4_100ms/SouthernEngland/p258/p258_018.wav	3.6143956
../accent-evaluation/xtts_22.05k_corrupt60k_vol0.4_100ms/Edinburgh/p272/p272_002.wav	4.216867
../accent-evaluation/xtts_22.05k_corrupt60k_vol0.4_100ms/SouthernEngland/p225/p225_008.wav	4.3939953
../accent-evaluation/xtts_22.05k_corrupt60k_vol0.4_100ms/SouthernEngland/p225/p225_013.wav	4.280265
../accent-evaluation/xtts_22.05k_corrupt60k_vol0.4_100ms/Dublin/p288/p288_001.wav	4.2244396
../accent-evaluation/xtts_22.05k_corrupt60k_vol0.4_100ms/SouthernEngland/p240/p240_023.wav	3.9664643
../accent-evaluation/xtts_22.05k_corrupt60k_vol0.4_100ms/Edinburgh/p252/p252_016.wav	3.8419776
../accent-evaluation/xtts_22.05k_corrupt60k_vol0.4_100ms/Edinburgh/p272/p272_021.wav	4.260337
../accent-evaluation/xtts_22.05k_corrupt60k_vol0.4_100ms/Edinburgh/p272/p272_013.wav	4.1814513
../accent-evaluation/xtts_22.05k_corrupt60k_vol0.4_100ms/Dublin/p340/p340_018.wav	4.112168
../accent-evaluation/xtts_22.05k_corrupt60k_vol0.4_100ms/SouthernEngland/p228/p228_005.wav	4.183428
../accent-evaluation/xtts_22.05k_corrupt60k_vol0.4_100ms/SouthernEngland/p232/p232_001.wav	4.381504
../accent-evaluation/xtts_22.05k_corrupt60k_vol0.4_100ms/SouthernEngland/p228/p228_016.wav	4.0624347
../accent-evaluation/xtts_22.05k_corrupt60k_vol0.4_100ms/Edinburgh/p252/p252_012.wav	3.7348669
../accent-evaluation/xtts_22.05k_corrupt60k_vol0.4_100ms/SouthernEngland/p240/p240_007.wav	4.40465
../accent-evaluation/xtts_22.05k_corrupt60k_vol0.4_100ms/SouthernEngland/p229/p229_001.wav	4.3573008
../accent-evaluation/xtts_22.05k_corrupt60k_vol0.4_100ms/Dublin/p288/p288_020.wav	4.4037027
../accent-evaluation/xtts_22.05k_corrupt60k_vol0.4_100ms/SouthernEngland/p225/p225_011.wav	3.9463618
../accent-evaluation/xtts_22.05k_corrupt60k_vol0.4_100ms/SouthernEngland/p231/p231_015.wav	4.4753
../accent-evaluation/xtts_22.05k_corrupt60k_vol0.4_100ms/SouthernEngland/p229/p229_011.wav	4.2169504
../accent-evaluation/xtts_22.05k_corrupt60k_vol0.4_100ms/Dublin/p340/p340_015.wav	3.9437304
../accent-evaluation/xtts_22.05k_corrupt60k_vol0.4_100ms/Edinburgh/p285/p285_019.wav	3.817427
../accent-evaluation/xtts_22.05k_corrupt60k_vol0.4_100ms/SouthernEngland/p229/p229_003.wav	4.4299903
../accent-evaluation/xtts_22.05k_corrupt60k_vol0.4_100ms/SouthernEngland/p228/p228_023.wav	3.5309474
../accent-evaluation/xtts_22.05k_corrupt60k_vol0.4_100ms/Dublin/p340/p340_001.wav	4.347985
../accent-evaluation/xtts_22.05k_corrupt60k_vol0.4_100ms/Dublin/p245/p245_010.wav	4.358836
../accent-evaluation/xtts_22.05k_corrupt60k_vol0.4_100ms/Edinburgh/p252/p252_006.wav	4.067322
../accent-evaluation/xtts_22.05k_corrupt60k_vol0.4_100ms/Edinburgh/p281/p281_017.wav	4.03928
../accent-evaluation/xtts_22.05k_corrupt60k_vol0.4_100ms/Edinburgh/p272/p272_016.wav	4.382677
../accent-evaluation/xtts_22.05k_corrupt60k_vol0.4_100ms/SouthernEngland/p232/p232_009.wav	4.47874
../accent-evaluation/xtts_22.05k_corrupt60k_vol0.4_100ms/Edinburgh/p272/p272_014.wav	4.2617536
../accent-evaluation/xtts_22.05k_corrupt60k_vol0.4_100ms/SouthernEngland/p268/p268_005.wav	4.2819405
../accent-evaluation/xtts_22.05k_corrupt60k_vol0.4_100ms/Edinburgh/p272/p272_005.wav	3.8968894
../accent-evaluation/xtts_22.05k_corrupt60k_vol0.4_100ms/SouthernEngland/p229/p229_022.wav	4.392264
../accent-evaluation/xtts_22.05k_corrupt60k_vol0.4_100ms/SouthernEngland/p240/p240_021.wav	3.9212356
../accent-evaluation/xtts_22.05k_corrupt60k_vol0.4_100ms/Edinburgh/p281/p281_011.wav	4.1911163
../accent-evaluation/xtts_22.05k_corrupt60k_vol0.4_100ms/SouthernEngland/p226/p226_006.wav	3.7753766
../accent-evaluation/xtts_22.05k_corrupt60k_vol0.4_100ms/SouthernEngland/p228/p228_004.wav	3.8415618
../accent-evaluation/xtts_22.05k_corrupt60k_vol0.4_100ms/SouthernEngland/p268/p268_011.wav	4.385625
../accent-evaluation/xtts_22.05k_corrupt60k_vol0.4_100ms/Edinburgh/p281/p281_019.wav	3.7866602
../accent-evaluation/xtts_22.05k_corrupt60k_vol0.4_100ms/Dublin/p288/p288_005.wav	4.3595552
../accent-evaluation/xtts_22.05k_corrupt60k_vol0.4_100ms/SouthernEngland/p258/p258_003.wav	4.207104
../accent-evaluation/xtts_22.05k_corrupt60k_vol0.4_100ms/Dublin/p245/p245_002.wav	4.401531
../accent-evaluation/xtts_22.05k_corrupt60k_vol0.4_100ms/SouthernEngland/p240/p240_016.wav	4.3016944
../accent-evaluation/xtts_22.05k_corrupt60k_vol0.4_100ms/Dublin/p288/p288_014.wav	3.466822
../accent-evaluation/xtts_22.05k_corrupt60k_vol0.4_100ms/Edinburgh/p272/p272_015.wav	4.009177
../accent-evaluation/xtts_22.05k_corrupt60k_vol0.4_100ms/SouthernEngland/p229/p229_014.wav	4.3089843
../accent-evaluation/xtts_22.05k_corrupt60k_vol0.4_100ms/SouthernEngland/p257/p257_016.wav	4.2385654
../accent-evaluation/xtts_22.05k_corrupt60k_vol0.4_100ms/Edinburgh/p252/p252_014.wav	3.7769234
../accent-evaluation/xtts_22.05k_corrupt60k_vol0.4_100ms/SouthernEngland/p225/p225_012.wav	4.3588123
../accent-evaluation/xtts_22.05k_corrupt60k_vol0.4_100ms/SouthernEngland/p268/p268_015.wav	4.398265
../accent-evaluation/xtts_22.05k_corrupt60k_vol0.4_100ms/Edinburgh/p285/p285_008.wav	4.0239177
../accent-evaluation/xtts_22.05k_corrupt60k_vol0.4_100ms/SouthernEngland/p268/p268_009.wav	4.448966
../accent-evaluation/xtts_22.05k_corrupt60k_vol0.4_100ms/SouthernEngland/p229/p229_021.wav	4.344557
../accent-evaluation/xtts_22.05k_corrupt60k_vol0.4_100ms/SouthernEngland/p258/p258_009.wav	3.9557843
../accent-evaluation/xtts_22.05k_corrupt60k_vol0.4_100ms/Dublin/p245/p245_022.wav	4.432331
../accent-evaluation/xtts_22.05k_corrupt60k_vol0.4_100ms/Dublin/p288/p288_012.wav	3.9627762
../accent-evaluation/xtts_22.05k_corrupt60k_vol0.4_100ms/SouthernEngland/p225/p225_022.wav	3.8059638
../accent-evaluation/xtts_22.05k_corrupt60k_vol0.4_100ms/SouthernEngland/p240/p240_019.wav	3.992889
../accent-evaluation/xtts_22.05k_corrupt60k_vol0.4_100ms/SouthernEngland/p231/p231_005.wav	3.925574
../accent-evaluation/xtts_22.05k_corrupt60k_vol0.4_100ms/Dublin/p245/p245_003.wav	4.428453
../accent-evaluation/xtts_22.05k_corrupt60k_vol0.4_100ms/SouthernEngland/p228/p228_007.wav	4.291965
../accent-evaluation/xtts_22.05k_corrupt60k_vol0.4_100ms/SouthernEngland/p268/p268_012.wav	3.790742
../accent-evaluation/xtts_22.05k_corrupt60k_vol0.4_100ms/Edinburgh/p262/p262_021.wav	4.396273
../accent-evaluation/xtts_22.05k_corrupt60k_vol0.4_100ms/SouthernEngland/p257/p257_009.wav	4.1921062
../accent-evaluation/xtts_22.05k_corrupt60k_vol0.4_100ms/SouthernEngland/p257/p257_010.wav	4.362377
../accent-evaluation/xtts_22.05k_corrupt60k_vol0.4_100ms/SouthernEngland/p226/p226_010.wav	4.307711
../accent-evaluation/xtts_22.05k_corrupt60k_vol0.4_100ms/SouthernEngland/p257/p257_012.wav	3.7117834
../accent-evaluation/xtts_22.05k_corrupt60k_vol0.4_100ms/SouthernEngland/p258/p258_023.wav	3.9313455
../accent-evaluation/xtts_22.05k_corrupt60k_vol0.4_100ms/SouthernEngland/p257/p257_015.wav	4.481596
../accent-evaluation/xtts_22.05k_corrupt60k_vol0.4_100ms/Edinburgh/p262/p262_014.wav	4.4114633
../accent-evaluation/xtts_22.05k_corrupt60k_vol0.4_100ms/SouthernEngland/p229/p229_007.wav	4.181311
../accent-evaluation/xtts_22.05k_corrupt60k_vol0.4_100ms/Edinburgh/p262/p262_015.wav	4.306963
../accent-evaluation/xtts_22.05k_corrupt60k_vol0.4_100ms/SouthernEngland/p226/p226_019.wav	4.29177
../accent-evaluation/xtts_22.05k_corrupt60k_vol0.4_100ms/Edinburgh/p285/p285_015.wav	4.3488855
../accent-evaluation/xtts_22.05k_corrupt60k_vol0.4_100ms/Dublin/p340/p340_022.wav	3.950211
../accent-evaluation/xtts_22.05k_corrupt60k_vol0.4_100ms/Edinburgh/p252/p252_015.wav	3.7804432
../accent-evaluation/xtts_22.05k_corrupt60k_vol0.4_100ms/Dublin/p245/p245_016.wav	4.1308527
../accent-evaluation/xtts_22.05k_corrupt60k_vol0.4_100ms/Dublin/p288/p288_008.wav	3.8869987
../accent-evaluation/xtts_22.05k_corrupt60k_vol0.4_100ms/SouthernEngland/p268/p268_010.wav	4.3440094
../accent-evaluation/xtts_22.05k_corrupt60k_vol0.4_100ms/SouthernEngland/p231/p231_009.wav	4.4295635
../accent-evaluation/xtts_22.05k_corrupt60k_vol0.4_100ms/SouthernEngland/p257/p257_014.wav	3.9345312
../accent-evaluation/xtts_22.05k_corrupt60k_vol0.4_100ms/SouthernEngland/p268/p268_018.wav	3.7488794
../accent-evaluation/xtts_22.05k_corrupt60k_vol0.4_100ms/Dublin/p288/p288_021.wav	4.449062
../accent-evaluation/xtts_22.05k_corrupt60k_vol0.4_100ms/Edinburgh/p262/p262_017.wav	4.27804
../accent-evaluation/xtts_22.05k_corrupt60k_vol0.4_100ms/SouthernEngland/p232/p232_012.wav	3.8939996
../accent-evaluation/xtts_22.05k_corrupt60k_vol0.4_100ms/SouthernEngland/p229/p229_006.wav	4.1669683
../accent-evaluation/xtts_22.05k_corrupt60k_vol0.4_100ms/Dublin/p288/p288_002.wav	4.3603725
../accent-evaluation/xtts_22.05k_corrupt60k_vol0.4_100ms/SouthernEngland/p226/p226_018.wav	4.207597
../accent-evaluation/xtts_22.05k_corrupt60k_vol0.4_100ms/Dublin/p245/p245_007.wav	4.085643
../accent-evaluation/xtts_22.05k_corrupt60k_vol0.4_100ms/Edinburgh/p281/p281_016.wav	4.085761
../accent-evaluation/xtts_22.05k_corrupt60k_vol0.4_100ms/SouthernEngland/p228/p228_018.wav	3.9159465
../accent-evaluation/xtts_22.05k_corrupt60k_vol0.4_100ms/SouthernEngland/p258/p258_002.wav	4.30968
../accent-evaluation/xtts_22.05k_corrupt60k_vol0.4_100ms/Edinburgh/p281/p281_014.wav	4.003632
../accent-evaluation/xtts_22.05k_corrupt60k_vol0.4_100ms/Edinburgh/p272/p272_023.wav	3.9855313
../accent-evaluation/xtts_22.05k_corrupt60k_vol0.4_100ms/Dublin/p245/p245_020.wav	4.468668
../accent-evaluation/xtts_22.05k_corrupt60k_vol0.4_100ms/SouthernEngland/p258/p258_008.wav	3.7005963
../accent-evaluation/xtts_22.05k_corrupt60k_vol0.4_100ms/Dublin/p288/p288_015.wav	4.4563184
../accent-evaluation/xtts_22.05k_corrupt60k_vol0.4_100ms/SouthernEngland/p268/p268_020.wav	4.441305
../accent-evaluation/xtts_22.05k_corrupt60k_vol0.4_100ms/Dublin/p340/p340_017.wav	4.221602
../accent-evaluation/xtts_22.05k_corrupt60k_vol0.4_100ms/Edinburgh/p272/p272_022.wav	4.02417
../accent-evaluation/xtts_22.05k_corrupt60k_vol0.4_100ms/SouthernEngland/p229/p229_010.wav	4.256925
../accent-evaluation/xtts_22.05k_corrupt60k_vol0.4_100ms/SouthernEngland/p240/p240_011.wav	4.2929835
../accent-evaluation/xtts_22.05k_corrupt60k_vol0.4_100ms/SouthernEngland/p229/p229_012.wav	4.360461
../accent-evaluation/xtts_22.05k_corrupt60k_vol0.4_100ms/Dublin/p340/p340_007.wav	3.8587902
../accent-evaluation/xtts_22.05k_corrupt60k_vol0.4_100ms/SouthernEngland/p258/p258_020.wav	4.323051
../accent-evaluation/xtts_22.05k_corrupt60k_vol0.4_100ms/SouthernEngland/p240/p240_020.wav	4.3142357
../accent-evaluation/xtts_22.05k_corrupt60k_vol0.4_100ms/Dublin/p288/p288_017.wav	3.757898
../accent-evaluation/xtts_22.05k_corrupt60k_vol0.4_100ms/Edinburgh/p262/p262_020.wav	4.3761077
../accent-evaluation/xtts_22.05k_corrupt60k_vol0.4_100ms/Edinburgh/p285/p285_005.wav	4.1767797
../accent-evaluation/xtts_22.05k_corrupt60k_vol0.4_100ms/SouthernEngland/p231/p231_019.wav	4.3672347
../accent-evaluation/xtts_22.05k_corrupt60k_vol0.4_100ms/SouthernEngland/p226/p226_005.wav	4.3914385
../accent-evaluation/xtts_22.05k_corrupt60k_vol0.4_100ms/SouthernEngland/p225/p225_010.wav	4.285695
../accent-evaluation/xtts_22.05k_corrupt60k_vol0.4_100ms/SouthernEngland/p226/p226_007.wav	3.8306935
../accent-evaluation/xtts_22.05k_corrupt60k_vol0.4_100ms/Dublin/p245/p245_009.wav	3.8487394
../accent-evaluation/xtts_22.05k_corrupt60k_vol0.4_100ms/Dublin/p288/p288_006.wav	4.3386974
../accent-evaluation/xtts_22.05k_corrupt60k_vol0.4_100ms/SouthernEngland/p228/p228_009.wav	4.1413484
../accent-evaluation/xtts_22.05k_corrupt60k_vol0.4_100ms/Dublin/p340/p340_011.wav	4.110267
../accent-evaluation/xtts_22.05k_corrupt60k_vol0.4_100ms/SouthernEngland/p226/p226_002.wav	4.340994
../accent-evaluation/xtts_22.05k_corrupt60k_vol0.4_100ms/SouthernEngland/p226/p226_015.wav	4.443733
../accent-evaluation/xtts_22.05k_corrupt60k_vol0.4_100ms/Edinburgh/p262/p262_023.wav	4.4215612
../accent-evaluation/xtts_22.05k_corrupt60k_vol0.4_100ms/Edinburgh/p262/p262_013.wav	4.3625364
../accent-evaluation/xtts_22.05k_corrupt60k_vol0.4_100ms/Edinburgh/p285/p285_004.wav	4.377718
../accent-evaluation/xtts_22.05k_corrupt60k_vol0.4_100ms/SouthernEngland/p228/p228_008.wav	3.9157562
../accent-evaluation/xtts_22.05k_corrupt60k_vol0.4_100ms/Edinburgh/p285/p285_013.wav	4.4056034
../accent-evaluation/xtts_22.05k_corrupt60k_vol0.4_100ms/SouthernEngland/p258/p258_014.wav	4.1669216
../accent-evaluation/xtts_22.05k_corrupt60k_vol0.4_100ms/SouthernEngland/p231/p231_003.wav	4.450205
../accent-evaluation/xtts_22.05k_corrupt60k_vol0.4_100ms/Edinburgh/p262/p262_007.wav	4.39837
../accent-evaluation/xtts_22.05k_corrupt60k_vol0.4_100ms/SouthernEngland/p225/p225_014.wav	4.255647
../accent-evaluation/xtts_22.05k_corrupt60k_vol0.4_100ms/SouthernEngland/p257/p257_021.wav	4.3462296
../accent-evaluation/xtts_22.05k_corrupt60k_vol0.4_100ms/SouthernEngland/p226/p226_011.wav	4.371722
../accent-evaluation/xtts_22.05k_corrupt60k_vol0.4_100ms/SouthernEngland/p228/p228_011.wav	4.435887
../accent-evaluation/xtts_22.05k_corrupt60k_vol0.4_100ms/Edinburgh/p262/p262_008.wav	4.414288
../accent-evaluation/xtts_22.05k_corrupt60k_vol0.4_100ms/SouthernEngland/p268/p268_017.wav	3.9672415
../accent-evaluation/xtts_22.05k_corrupt60k_vol0.4_100ms/SouthernEngland/p231/p231_010.wav	4.3700724
../accent-evaluation/xtts_22.05k_corrupt60k_vol0.4_100ms/SouthernEngland/p268/p268_019.wav	4.337624
../accent-evaluation/xtts_22.05k_corrupt60k_vol0.4_100ms/Dublin/p245/p245_004.wav	4.2694
../accent-evaluation/xtts_22.05k_corrupt60k_vol0.4_100ms/SouthernEngland/p257/p257_018.wav	3.8616347
../accent-evaluation/xtts_22.05k_corrupt60k_vol0.4_100ms/Edinburgh/p252/p252_003.wav	3.8227072
../accent-evaluation/xtts_22.05k_corrupt60k_vol0.4_100ms/Dublin/p288/p288_022.wav	4.3721676
../accent-evaluation/xtts_22.05k_corrupt60k_vol0.4_100ms/SouthernEngland/p229/p229_020.wav	4.360953
../accent-evaluation/xtts_22.05k_corrupt60k_vol0.4_100ms/Dublin/p288/p288_010.wav	4.0190306
../accent-evaluation/xtts_22.05k_corrupt60k_vol0.4_100ms/SouthernEngland/p225/p225_023.wav	3.8957114
../accent-evaluation/xtts_22.05k_corrupt60k_vol0.4_100ms/SouthernEngland/p268/p268_002.wav	3.9256532
../accent-evaluation/xtts_22.05k_corrupt60k_vol0.4_100ms/SouthernEngland/p226/p226_021.wav	4.4158688
../accent-evaluation/xtts_22.05k_corrupt60k_vol0.4_100ms/Edinburgh/p285/p285_006.wav	4.152591
../accent-evaluation/xtts_22.05k_corrupt60k_vol0.4_100ms/SouthernEngland/p226/p226_012.wav	3.68769
../accent-evaluation/xtts_22.05k_corrupt60k_vol0.4_100ms/SouthernEngland/p228/p228_020.wav	4.419327
../accent-evaluation/xtts_22.05k_corrupt60k_vol0.4_100ms/SouthernEngland/p225/p225_005.wav	4.3988676
../accent-evaluation/xtts_22.05k_corrupt60k_vol0.4_100ms/SouthernEngland/p231/p231_021.wav	4.3691816
../accent-evaluation/xtts_22.05k_corrupt60k_vol0.4_100ms/SouthernEngland/p240/p240_009.wav	3.6142259
../accent-evaluation/xtts_22.05k_corrupt60k_vol0.4_100ms/SouthernEngland/p257/p257_022.wav	4.3254075
../accent-evaluation/xtts_22.05k_corrupt60k_vol0.4_100ms/SouthernEngland/p240/p240_017.wav	4.184647
../accent-evaluation/xtts_22.05k_corrupt60k_vol0.4_100ms/SouthernEngland/p240/p240_010.wav	3.1628706
../accent-evaluation/xtts_22.05k_corrupt60k_vol0.4_100ms/SouthernEngland/p231/p231_001.wav	4.4178953
../accent-evaluation/xtts_22.05k_corrupt60k_vol0.4_100ms/SouthernEngland/p268/p268_004.wav	4.14785
../accent-evaluation/xtts_22.05k_corrupt60k_vol0.4_100ms/Edinburgh/p262/p262_011.wav	3.9528143
../accent-evaluation/xtts_22.05k_corrupt60k_vol0.4_100ms/Edinburgh/p281/p281_005.wav	4.2969494
../accent-evaluation/xtts_22.05k_corrupt60k_vol0.4_100ms/SouthernEngland/p232/p232_011.wav	4.488814
../accent-evaluation/xtts_22.05k_corrupt60k_vol0.4_100ms/Dublin/p245/p245_013.wav	4.230821
../accent-evaluation/xtts_22.05k_corrupt60k_vol0.4_100ms/SouthernEngland/p258/p258_006.wav	3.886073
../accent-evaluation/xtts_22.05k_corrupt60k_vol0.4_100ms/SouthernEngland/p268/p268_021.wav	3.9637494
../accent-evaluation/xtts_22.05k_corrupt60k_vol0.4_100ms/SouthernEngland/p257/p257_019.wav	4.341818
../accent-evaluation/xtts_22.05k_corrupt60k_vol0.4_100ms/Dublin/p340/p340_008.wav	4.4299526
../accent-evaluation/xtts_22.05k_corrupt60k_vol0.4_100ms/Dublin/p245/p245_012.wav	4.107684
../accent-evaluation/xtts_22.05k_corrupt60k_vol0.4_100ms/Edinburgh/p252/p252_023.wav	4.0215783
../accent-evaluation/xtts_22.05k_corrupt60k_vol0.4_100ms/SouthernEngland/p229/p229_015.wav	4.2155213
../accent-evaluation/xtts_22.05k_corrupt60k_vol0.4_100ms/SouthernEngland/p232/p232_005.wav	4.2408867
../accent-evaluation/xtts_22.05k_corrupt60k_vol0.4_100ms/SouthernEngland/p229/p229_023.wav	4.2078214
../accent-evaluation/xtts_22.05k_corrupt60k_vol0.4_100ms/Dublin/p288/p288_007.wav	4.104865
../accent-evaluation/xtts_22.05k_corrupt60k_vol0.4_100ms/SouthernEngland/p225/p225_019.wav	3.8206372
../accent-evaluation/xtts_22.05k_corrupt60k_vol0.4_100ms/Dublin/p340/p340_013.wav	4.2416625
../accent-evaluation/xtts_22.05k_corrupt60k_vol0.4_100ms/Dublin/p288/p288_004.wav	4.33562
../accent-evaluation/xtts_22.05k_corrupt60k_vol0.4_100ms/SouthernEngland/p258/p258_016.wav	4.2990494
../accent-evaluation/xtts_22.05k_corrupt60k_vol0.4_100ms/SouthernEngland/p232/p232_017.wav	4.125359
../accent-evaluation/xtts_22.05k_corrupt60k_vol0.4_100ms/Edinburgh/p272/p272_011.wav	3.94888
../accent-evaluation/xtts_22.05k_corrupt60k_vol0.4_100ms/Dublin/p340/p340_002.wav	4.3767557
../accent-evaluation/xtts_22.05k_corrupt60k_vol0.4_100ms/SouthernEngland/p268/p268_007.wav	3.6266387
../accent-evaluation/xtts_22.05k_corrupt60k_vol0.4_100ms/Dublin/p288/p288_019.wav	4.0302734
../accent-evaluation/xtts_22.05k_corrupt60k_vol0.4_100ms/Edinburgh/p262/p262_001.wav	4.326064
../accent-evaluation/xtts_22.05k_corrupt60k_vol0.4_100ms/SouthernEngland/p231/p231_008.wav	3.9865742
../accent-evaluation/xtts_22.05k_corrupt60k_vol0.4_100ms/SouthernEngland/p225/p225_021.wav	4.42426
../accent-evaluation/xtts_22.05k_corrupt60k_vol0.4_100ms/Edinburgh/p262/p262_012.wav	3.9558408
../accent-evaluation/xtts_22.05k_corrupt60k_vol0.4_100ms/Edinburgh/p272/p272_006.wav	4.4209476
../accent-evaluation/xtts_22.05k_corrupt60k_vol0.4_100ms/SouthernEngland/p226/p226_004.wav	4.266634
../accent-evaluation/xtts_22.05k_corrupt60k_vol0.4_100ms/SouthernEngland/p257/p257_003.wav	4.1007223
../accent-evaluation/xtts_22.05k_corrupt60k_vol0.4_100ms/SouthernEngland/p240/p240_004.wav	3.5841486
../accent-evaluation/xtts_22.05k_corrupt60k_vol0.4_100ms/SouthernEngland/p232/p232_004.wav	4.4537964
../accent-evaluation/xtts_22.05k_corrupt60k_vol0.4_100ms/Edinburgh/p262/p262_006.wav	4.1691256
../accent-evaluation/xtts_22.05k_corrupt60k_vol0.4_100ms/SouthernEngland/p240/p240_003.wav	3.9105182
../accent-evaluation/xtts_22.05k_corrupt60k_vol0.4_100ms/Edinburgh/p252/p252_008.wav	4.0241833
../accent-evaluation/xtts_22.05k_corrupt60k_vol0.4_100ms/SouthernEngland/p268/p268_014.wav	4.216654
../accent-evaluation/xtts_22.05k_corrupt60k_vol0.4_100ms/SouthernEngland/p226/p226_017.wav	3.5521393
../accent-evaluation/xtts_22.05k_corrupt60k_vol0.4_100ms/Dublin/p288/p288_016.wav	3.8209858
../accent-evaluation/xtts_22.05k_corrupt60k_vol0.4_100ms/SouthernEngland/p226/p226_003.wav	4.068526
../accent-evaluation/xtts_22.05k_corrupt60k_vol0.4_100ms/Edinburgh/p252/p252_021.wav	4.327902
../accent-evaluation/xtts_22.05k_corrupt60k_vol0.4_100ms/Edinburgh/p262/p262_004.wav	3.860189
../accent-evaluation/xtts_22.05k_corrupt60k_vol0.4_100ms/SouthernEngland/p228/p228_019.wav	4.3552647
../accent-evaluation/xtts_22.05k_corrupt60k_vol0.4_100ms/Dublin/p288/p288_018.wav	3.9155538
../accent-evaluation/xtts_22.05k_corrupt60k_vol0.4_100ms/SouthernEngland/p232/p232_022.wav	4.462554
../accent-evaluation/xtts_22.05k_corrupt60k_vol0.4_100ms/SouthernEngland/p258/p258_013.wav	4.2905827
../accent-evaluation/xtts_22.05k_corrupt60k_vol0.4_100ms/Dublin/p245/p245_018.wav	4.3906374
../accent-evaluation/xtts_22.05k_corrupt60k_vol0.4_100ms/SouthernEngland/p231/p231_020.wav	4.188863
../accent-evaluation/xtts_22.05k_corrupt60k_vol0.4_100ms/Edinburgh/p262/p262_019.wav	4.3710647
../accent-evaluation/xtts_22.05k_corrupt60k_vol0.4_100ms/Edinburgh/p281/p281_002.wav	3.7607214
../accent-evaluation/xtts_22.05k_corrupt60k_vol0.4_100ms/SouthernEngland/p225/p225_006.wav	3.7885675
../accent-evaluation/xtts_22.05k_corrupt60k_vol0.4_100ms/Edinburgh/p285/p285_017.wav	4.1714244
../accent-evaluation/xtts_22.05k_corrupt60k_vol0.4_100ms/SouthernEngland/p268/p268_022.wav	3.7969518
../accent-evaluation/xtts_22.05k_corrupt60k_vol0.4_100ms/SouthernEngland/p231/p231_011.wav	4.3891983
../accent-evaluation/xtts_22.05k_corrupt60k_vol0.4_100ms/SouthernEngland/p232/p232_016.wav	4.1306386
../accent-evaluation/xtts_22.05k_corrupt60k_vol0.4_100ms/SouthernEngland/p258/p258_007.wav	4.1782537
../accent-evaluation/xtts_22.05k_corrupt60k_vol0.4_100ms/SouthernEngland/p226/p226_016.wav	4.1601777
../accent-evaluation/xtts_22.05k_corrupt60k_vol0.4_100ms/SouthernEngland/p231/p231_023.wav	3.933742
../accent-evaluation/xtts_22.05k_corrupt60k_vol0.4_100ms/Edinburgh/p281/p281_004.wav	4.163923
../accent-evaluation/xtts_22.05k_corrupt60k_vol0.4_100ms/Edinburgh/p262/p262_002.wav	4.4285665
../accent-evaluation/xtts_22.05k_corrupt60k_vol0.4_100ms/SouthernEngland/p226/p226_014.wav	3.9558308
../accent-evaluation/xtts_22.05k_corrupt60k_vol0.4_100ms/SouthernEngland/p258/p258_004.wav	3.9903822
../accent-evaluation/xtts_22.05k_corrupt60k_vol0.4_100ms/SouthernEngland/p268/p268_013.wav	3.8395228
../accent-evaluation/xtts_22.05k_corrupt60k_vol0.4_100ms/Dublin/p245/p245_021.wav	4.444919
../accent-evaluation/xtts_22.05k_corrupt60k_vol0.4_100ms/SouthernEngland/p226/p226_009.wav	4.440217
../accent-evaluation/xtts_22.05k_corrupt60k_vol0.4_100ms/Edinburgh/p262/p262_016.wav	4.3737783
../accent-evaluation/xtts_22.05k_corrupt60k_vol0.4_100ms/SouthernEngland/p240/p240_005.wav	4.037973
../accent-evaluation/xtts_22.05k_corrupt60k_vol0.4_100ms/Edinburgh/p281/p281_003.wav	4.129403
../accent-evaluation/xtts_22.05k_corrupt60k_vol0.4_100ms/SouthernEngland/p231/p231_006.wav	4.3266273
../accent-evaluation/xtts_22.05k_corrupt60k_vol0.4_100ms/Dublin/p340/p340_016.wav	3.7102005
../accent-evaluation/xtts_22.05k_corrupt60k_vol0.4_100ms/Edinburgh/p252/p252_005.wav	4.367745
../accent-evaluation/xtts_22.05k_corrupt60k_vol0.4_100ms/SouthernEngland/p229/p229_019.wav	4.3582945
../accent-evaluation/xtts_22.05k_corrupt60k_vol0.4_100ms/SouthernEngland/p232/p232_008.wav	4.1394286
../accent-evaluation/xtts_22.05k_corrupt60k_vol0.4_100ms/SouthernEngland/p257/p257_002.wav	4.382883
../accent-evaluation/xtts_22.05k_corrupt60k_vol0.4_100ms/Edinburgh/p285/p285_022.wav	3.846654
../accent-evaluation/xtts_22.05k_corrupt60k_vol0.4_100ms/SouthernEngland/p257/p257_017.wav	4.264822
../accent-evaluation/xtts_22.05k_corrupt60k_vol0.4_100ms/SouthernEngland/p257/p257_008.wav	3.857116
../accent-evaluation/xtts_22.05k_corrupt60k_vol0.4_100ms/Edinburgh/p252/p252_019.wav	3.849666
../accent-evaluation/xtts_22.05k_corrupt60k_vol0.4_100ms/Edinburgh/p252/p252_013.wav	4.1517105
../accent-evaluation/xtts_22.05k_corrupt60k_vol0.4_100ms/SouthernEngland/p229/p229_002.wav	4.3735375
../accent-evaluation/xtts_22.05k_corrupt60k_vol0.4_100ms/Dublin/p245/p245_006.wav	4.3776326
../accent-evaluation/xtts_22.05k_corrupt60k_vol0.4_100ms/SouthernEngland/p232/p232_014.wav	4.4634113
../accent-evaluation/xtts_22.05k_corrupt60k_vol0.4_100ms/SouthernEngland/p240/p240_002.wav	4.4051294
../accent-evaluation/xtts_22.05k_corrupt60k_vol0.4_100ms/Edinburgh/p285/p285_003.wav	4.3449683
../accent-evaluation/xtts_22.05k_corrupt60k_vol0.4_100ms/Dublin/p288/p288_009.wav	4.069773
../accent-evaluation/xtts_22.05k_corrupt60k_vol0.4_100ms/Dublin/p340/p340_004.wav	4.1440845
../accent-evaluation/xtts_22.05k_corrupt60k_vol0.4_100ms/SouthernEngland/p232/p232_019.wav	4.463526
../accent-evaluation/xtts_22.05k_corrupt60k_vol0.4_100ms/SouthernEngland/p257/p257_023.wav	4.275433
../accent-evaluation/xtts_22.05k_corrupt60k_vol0.4_100ms/Edinburgh/p281/p281_015.wav	4.0618887
../accent-evaluation/xtts_22.05k_corrupt60k_vol0.4_100ms/Dublin/p245/p245_014.wav	4.299164
../accent-evaluation/xtts_22.05k_corrupt60k_vol0.4_100ms/Edinburgh/p272/p272_010.wav	3.8563454
../accent-evaluation/xtts_22.05k_corrupt60k_vol0.4_100ms/Dublin/p245/p245_017.wav	3.8926702
../accent-evaluation/xtts_22.05k_corrupt60k_vol0.4_100ms/Edinburgh/p285/p285_001.wav	3.8192124
../accent-evaluation/xtts_22.05k_corrupt60k_vol0.4_100ms/SouthernEngland/p228/p228_001.wav	4.296606
../accent-evaluation/xtts_22.05k_corrupt60k_vol0.4_100ms/Edinburgh/p281/p281_022.wav	4.0661287
../accent-evaluation/xtts_22.05k_corrupt60k_vol0.4_100ms/SouthernEngland/p231/p231_018.wav	4.106764
../accent-evaluation/xtts_22.05k_corrupt60k_vol0.4_100ms/Edinburgh/p281/p281_006.wav	3.808235
../accent-evaluation/xtts_22.05k_corrupt60k_vol0.4_100ms/SouthernEngland/p229/p229_013.wav	4.2879295
../accent-evaluation/xtts_22.05k_corrupt60k_vol0.4_100ms/SouthernEngland/p228/p228_002.wav	4.338649
../accent-evaluation/xtts_22.05k_corrupt60k_vol0.4_100ms/Edinburgh/p272/p272_007.wav	3.8472157
