../accent-evaluation/xtts_22.05k_vol0.4_100ms/SouthernEngland/p231/p231_001.wav	4.0167923
../accent-evaluation/xtts_22.05k_vol0.4_100ms/Edinburgh/p281/p281_021.wav	3.7310195
../accent-evaluation/xtts_22.05k_vol0.4_100ms/SouthernEngland/p225/p225_023.wav	3.5651355
../accent-evaluation/xtts_22.05k_vol0.4_100ms/SouthernEngland/p240/p240_015.wav	4.0406756
../accent-evaluation/xtts_22.05k_vol0.4_100ms/SouthernEngland/p229/p229_005.wav	4.3276052
../accent-evaluation/xtts_22.05k_vol0.4_100ms/Edinburgh/p262/p262_011.wav	4.1354876
../accent-evaluation/xtts_22.05k_vol0.4_100ms/Edinburgh/p285/p285_002.wav	3.4670649
../accent-evaluation/xtts_22.05k_vol0.4_100ms/SouthernEngland/p225/p225_019.wav	3.9293394
../accent-evaluation/xtts_22.05k_vol0.4_100ms/SouthernEngland/p229/p229_023.wav	3.9753985
../accent-evaluation/xtts_22.05k_vol0.4_100ms/SouthernEngland/p240/p240_001.wav	4.0063725
../accent-evaluation/xtts_22.05k_vol0.4_100ms/SouthernEngland/p232/p232_022.wav	4.3629575
../accent-evaluation/xtts_22.05k_vol0.4_100ms/Edinburgh/p252/p252_008.wav	3.9798179
../accent-evaluation/xtts_22.05k_vol0.4_100ms/Edinburgh/p272/p272_020.wav	4.2836204
../accent-evaluation/xtts_22.05k_vol0.4_100ms/SouthernEngland/p231/p231_015.wav	4.299752
../accent-evaluation/xtts_22.05k_vol0.4_100ms/Edinburgh/p252/p252_017.wav	4.0063653
../accent-evaluation/xtts_22.05k_vol0.4_100ms/SouthernEngland/p240/p240_011.wav	4.204442
../accent-evaluation/xtts_22.05k_vol0.4_100ms/SouthernEngland/p258/p258_011.wav	3.8776224
../accent-evaluation/xtts_22.05k_vol0.4_100ms/SouthernEngland/p229/p229_021.wav	4.1639156
../accent-evaluation/xtts_22.05k_vol0.4_100ms/SouthernEngland/p231/p231_010.wav	4.0768785
../accent-evaluation/xtts_22.05k_vol0.4_100ms/SouthernEngland/p240/p240_006.wav	4.199261
../accent-evaluation/xtts_22.05k_vol0.4_100ms/Dublin/p245/p245_014.wav	4.1972647
../accent-evaluation/xtts_22.05k_vol0.4_100ms/Edinburgh/p262/p262_004.wav	4.2466908
../accent-evaluation/xtts_22.05k_vol0.4_100ms/Edinburgh/p262/p262_003.wav	3.8367145
../accent-evaluation/xtts_22.05k_vol0.4_100ms/SouthernEngland/p225/p225_012.wav	3.699195
../accent-evaluation/xtts_22.05k_vol0.4_100ms/SouthernEngland/p229/p229_016.wav	4.2367697
../accent-evaluation/xtts_22.05k_vol0.4_100ms/Edinburgh/p272/p272_003.wav	4.036179
../accent-evaluation/xtts_22.05k_vol0.4_100ms/Dublin/p288/p288_013.wav	4.049173
../accent-evaluation/xtts_22.05k_vol0.4_100ms/SouthernEngland/p225/p225_004.wav	3.6973124
../accent-evaluation/xtts_22.05k_vol0.4_100ms/SouthernEngland/p232/p232_006.wav	4.323876
../accent-evaluation/xtts_22.05k_vol0.4_100ms/Dublin/p340/p340_021.wav	4.028653
../accent-evaluation/xtts_22.05k_vol0.4_100ms/SouthernEngland/p231/p231_019.wav	3.781003
../accent-evaluation/xtts_22.05k_vol0.4_100ms/SouthernEngland/p228/p228_019.wav	3.9539628
../accent-evaluation/xtts_22.05k_vol0.4_100ms/SouthernEngland/p257/p257_016.wav	3.7198217
../accent-evaluation/xtts_22.05k_vol0.4_100ms/SouthernEngland/p232/p232_018.wav	4.2339334
../accent-evaluation/xtts_22.05k_vol0.4_100ms/SouthernEngland/p229/p229_015.wav	4.3361106
../accent-evaluation/xtts_22.05k_vol0.4_100ms/SouthernEngland/p268/p268_010.wav	3.9824936
../accent-evaluation/xtts_22.05k_vol0.4_100ms/SouthernEngland/p229/p229_009.wav	4.2753863
../accent-evaluation/xtts_22.05k_vol0.4_100ms/SouthernEngland/p228/p228_013.wav	4.2339544
../accent-evaluation/xtts_22.05k_vol0.4_100ms/Edinburgh/p262/p262_022.wav	4.2684383
../accent-evaluation/xtts_22.05k_vol0.4_100ms/Edinburgh/p272/p272_002.wav	4.305925
../accent-evaluation/xtts_22.05k_vol0.4_100ms/Dublin/p288/p288_011.wav	4.0152874
../accent-evaluation/xtts_22.05k_vol0.4_100ms/SouthernEngland/p258/p258_020.wav	3.6416929
../accent-evaluation/xtts_22.05k_vol0.4_100ms/Edinburgh/p262/p262_016.wav	4.2477336
../accent-evaluation/xtts_22.05k_vol0.4_100ms/SouthernEngland/p268/p268_014.wav	4.106823
../accent-evaluation/xtts_22.05k_vol0.4_100ms/SouthernEngland/p231/p231_017.wav	4.144568
../accent-evaluation/xtts_22.05k_vol0.4_100ms/SouthernEngland/p228/p228_002.wav	4.250294
../accent-evaluation/xtts_22.05k_vol0.4_100ms/SouthernEngland/p225/p225_018.wav	3.8872766
../accent-evaluation/xtts_22.05k_vol0.4_100ms/SouthernEngland/p229/p229_017.wav	4.227558
../accent-evaluation/xtts_22.05k_vol0.4_100ms/SouthernEngland/p226/p226_012.wav	3.7061636
../accent-evaluation/xtts_22.05k_vol0.4_100ms/Dublin/p288/p288_014.wav	3.953828
../accent-evaluation/xtts_22.05k_vol0.4_100ms/Dublin/p340/p340_016.wav	3.9450545
../accent-evaluation/xtts_22.05k_vol0.4_100ms/SouthernEngland/p225/p225_003.wav	4.1919465
../accent-evaluation/xtts_22.05k_vol0.4_100ms/SouthernEngland/p258/p258_015.wav	3.5301354
../accent-evaluation/xtts_22.05k_vol0.4_100ms/Dublin/p288/p288_023.wav	4.2113967
../accent-evaluation/xtts_22.05k_vol0.4_100ms/SouthernEngland/p258/p258_001.wav	3.6844637
../accent-evaluation/xtts_22.05k_vol0.4_100ms/Dublin/p245/p245_012.wav	4.3775334
../accent-evaluation/xtts_22.05k_vol0.4_100ms/Edinburgh/p281/p281_018.wav	3.5158782
../accent-evaluation/xtts_22.05k_vol0.4_100ms/Edinburgh/p272/p272_007.wav	4.001153
../accent-evaluation/xtts_22.05k_vol0.4_100ms/SouthernEngland/p240/p240_023.wav	4.0168324
../accent-evaluation/xtts_22.05k_vol0.4_100ms/Dublin/p245/p245_003.wav	4.1754355
../accent-evaluation/xtts_22.05k_vol0.4_100ms/SouthernEngland/p231/p231_004.wav	4.0976954
../accent-evaluation/xtts_22.05k_vol0.4_100ms/SouthernEngland/p258/p258_009.wav	3.2931666
../accent-evaluation/xtts_22.05k_vol0.4_100ms/Dublin/p245/p245_021.wav	4.2939353
../accent-evaluation/xtts_22.05k_vol0.4_100ms/SouthernEngland/p268/p268_007.wav	3.891068
../accent-evaluation/xtts_22.05k_vol0.4_100ms/SouthernEngland/p257/p257_003.wav	4.0698695
../accent-evaluation/xtts_22.05k_vol0.4_100ms/SouthernEngland/p228/p228_009.wav	4.3216133
../accent-evaluation/xtts_22.05k_vol0.4_100ms/SouthernEngland/p231/p231_023.wav	4.1498995
../accent-evaluation/xtts_22.05k_vol0.4_100ms/Dublin/p340/p340_004.wav	3.9192688
../accent-evaluation/xtts_22.05k_vol0.4_100ms/SouthernEngland/p228/p228_012.wav	4.11473
../accent-evaluation/xtts_22.05k_vol0.4_100ms/SouthernEngland/p231/p231_003.wav	4.216385
../accent-evaluation/xtts_22.05k_vol0.4_100ms/SouthernEngland/p258/p258_018.wav	3.5614388
../accent-evaluation/xtts_22.05k_vol0.4_100ms/SouthernEngland/p228/p228_011.wav	3.8838575
../accent-evaluation/xtts_22.05k_vol0.4_100ms/Edinburgh/p281/p281_013.wav	3.54766
../accent-evaluation/xtts_22.05k_vol0.4_100ms/Edinburgh/p252/p252_006.wav	3.873374
../accent-evaluation/xtts_22.05k_vol0.4_100ms/Edinburgh/p285/p285_017.wav	3.661614
../accent-evaluation/xtts_22.05k_vol0.4_100ms/SouthernEngland/p229/p229_022.wav	4.136027
../accent-evaluation/xtts_22.05k_vol0.4_100ms/SouthernEngland/p228/p228_005.wav	4.1441975
../accent-evaluation/xtts_22.05k_vol0.4_100ms/Edinburgh/p252/p252_001.wav	3.9625301
../accent-evaluation/xtts_22.05k_vol0.4_100ms/SouthernEngland/p268/p268_005.wav	4.250655
../accent-evaluation/xtts_22.05k_vol0.4_100ms/SouthernEngland/p268/p268_002.wav	4.181942
../accent-evaluation/xtts_22.05k_vol0.4_100ms/SouthernEngland/p226/p226_006.wav	4.239393
../accent-evaluation/xtts_22.05k_vol0.4_100ms/SouthernEngland/p228/p228_008.wav	3.7864947
../accent-evaluation/xtts_22.05k_vol0.4_100ms/Edinburgh/p272/p272_021.wav	4.3151207
../accent-evaluation/xtts_22.05k_vol0.4_100ms/SouthernEngland/p232/p232_005.wav	4.2083664
../accent-evaluation/xtts_22.05k_vol0.4_100ms/Dublin/p245/p245_010.wav	3.6529613
../accent-evaluation/xtts_22.05k_vol0.4_100ms/Edinburgh/p285/p285_023.wav	3.5970101
../accent-evaluation/xtts_22.05k_vol0.4_100ms/SouthernEngland/p231/p231_006.wav	3.7360444
../accent-evaluation/xtts_22.05k_vol0.4_100ms/Dublin/p245/p245_023.wav	3.991806
../accent-evaluation/xtts_22.05k_vol0.4_100ms/SouthernEngland/p258/p258_002.wav	3.7938023
../accent-evaluation/xtts_22.05k_vol0.4_100ms/Edinburgh/p285/p285_004.wav	3.8729944
../accent-evaluation/xtts_22.05k_vol0.4_100ms/Edinburgh/p272/p272_004.wav	3.688121
../accent-evaluation/xtts_22.05k_vol0.4_100ms/SouthernEngland/p229/p229_012.wav	4.261051
../accent-evaluation/xtts_22.05k_vol0.4_100ms/SouthernEngland/p268/p268_012.wav	3.9462295
../accent-evaluation/xtts_22.05k_vol0.4_100ms/SouthernEngland/p231/p231_013.wav	3.8409352
../accent-evaluation/xtts_22.05k_vol0.4_100ms/SouthernEngland/p226/p226_020.wav	4.351575
../accent-evaluation/xtts_22.05k_vol0.4_100ms/SouthernEngland/p226/p226_017.wav	4.172143
../accent-evaluation/xtts_22.05k_vol0.4_100ms/Edinburgh/p281/p281_008.wav	3.7319164
../accent-evaluation/xtts_22.05k_vol0.4_100ms/Dublin/p288/p288_003.wav	4.1521926
../accent-evaluation/xtts_22.05k_vol0.4_100ms/SouthernEngland/p229/p229_020.wav	4.121622
../accent-evaluation/xtts_22.05k_vol0.4_100ms/SouthernEngland/p226/p226_015.wav	4.300755
../accent-evaluation/xtts_22.05k_vol0.4_100ms/Edinburgh/p252/p252_014.wav	3.852983
../accent-evaluation/xtts_22.05k_vol0.4_100ms/Edinburgh/p285/p285_022.wav	3.800023
../accent-evaluation/xtts_22.05k_vol0.4_100ms/SouthernEngland/p240/p240_002.wav	3.9074836
../accent-evaluation/xtts_22.05k_vol0.4_100ms/SouthernEngland/p257/p257_006.wav	3.6289198
../accent-evaluation/xtts_22.05k_vol0.4_100ms/SouthernEngland/p258/p258_003.wav	3.7452493
../accent-evaluation/xtts_22.05k_vol0.4_100ms/SouthernEngland/p257/p257_001.wav	4.2127485
../accent-evaluation/xtts_22.05k_vol0.4_100ms/SouthernEngland/p229/p229_003.wav	4.1628647
../accent-evaluation/xtts_22.05k_vol0.4_100ms/SouthernEngland/p240/p240_022.wav	3.8201485
../accent-evaluation/xtts_22.05k_vol0.4_100ms/Edinburgh/p281/p281_007.wav	3.2214296
../accent-evaluation/xtts_22.05k_vol0.4_100ms/SouthernEngland/p232/p232_017.wav	4.3343973
../accent-evaluation/xtts_22.05k_vol0.4_100ms/SouthernEngland/p225/p225_001.wav	4.0314584
../accent-evaluation/xtts_22.05k_vol0.4_100ms/Edinburgh/p262/p262_017.wav	4.06424
../accent-evaluation/xtts_22.05k_vol0.4_100ms/Dublin/p245/p245_008.wav	3.9808655
../accent-evaluation/xtts_22.05k_vol0.4_100ms/Edinburgh/p252/p252_010.wav	3.625852
../accent-evaluation/xtts_22.05k_vol0.4_100ms/Dublin/p288/p288_007.wav	4.1975694
../accent-evaluation/xtts_22.05k_vol0.4_100ms/SouthernEngland/p226/p226_010.wav	3.3478303
../accent-evaluation/xtts_22.05k_vol0.4_100ms/SouthernEngland/p257/p257_021.wav	3.7825804
../accent-evaluation/xtts_22.05k_vol0.4_100ms/SouthernEngland/p232/p232_003.wav	4.3752546
../accent-evaluation/xtts_22.05k_vol0.4_100ms/SouthernEngland/p258/p258_007.wav	3.636095
../accent-evaluation/xtts_22.05k_vol0.4_100ms/SouthernEngland/p226/p226_011.wav	3.912195
../accent-evaluation/xtts_22.05k_vol0.4_100ms/SouthernEngland/p257/p257_014.wav	3.6780922
../accent-evaluation/xtts_22.05k_vol0.4_100ms/Edinburgh/p252/p252_013.wav	3.8082025
../accent-evaluation/xtts_22.05k_vol0.4_100ms/SouthernEngland/p228/p228_001.wav	4.2321563
../accent-evaluation/xtts_22.05k_vol0.4_100ms/SouthernEngland/p232/p232_015.wav	3.583367
../accent-evaluation/xtts_22.05k_vol0.4_100ms/Edinburgh/p262/p262_006.wav	4.043543
../accent-evaluation/xtts_22.05k_vol0.4_100ms/SouthernEngland/p257/p257_012.wav	3.756634
../accent-evaluation/xtts_22.05k_vol0.4_100ms/SouthernEngland/p226/p226_004.wav	4.0911627
../accent-evaluation/xtts_22.05k_vol0.4_100ms/SouthernEngland/p231/p231_007.wav	4.18251
../accent-evaluation/xtts_22.05k_vol0.4_100ms/SouthernEngland/p257/p257_007.wav	3.791965
../accent-evaluation/xtts_22.05k_vol0.4_100ms/Dublin/p288/p288_001.wav	3.9658473
../accent-evaluation/xtts_22.05k_vol0.4_100ms/SouthernEngland/p229/p229_013.wav	4.165225
../accent-evaluation/xtts_22.05k_vol0.4_100ms/Dublin/p288/p288_016.wav	4.0100737
../accent-evaluation/xtts_22.05k_vol0.4_100ms/Dublin/p288/p288_005.wav	4.0346413
../accent-evaluation/xtts_22.05k_vol0.4_100ms/Edinburgh/p285/p285_008.wav	3.7880456
../accent-evaluation/xtts_22.05k_vol0.4_100ms/Dublin/p245/p245_011.wav	4.2284164
../accent-evaluation/xtts_22.05k_vol0.4_100ms/Edinburgh/p285/p285_020.wav	4.006928
../accent-evaluation/xtts_22.05k_vol0.4_100ms/SouthernEngland/p258/p258_021.wav	3.803734
../accent-evaluation/xtts_22.05k_vol0.4_100ms/SouthernEngland/p268/p268_018.wav	4.0273147
../accent-evaluation/xtts_22.05k_vol0.4_100ms/Edinburgh/p285/p285_005.wav	3.8727198
../accent-evaluation/xtts_22.05k_vol0.4_100ms/Dublin/p340/p340_001.wav	3.8796172
../accent-evaluation/xtts_22.05k_vol0.4_100ms/Dublin/p288/p288_006.wav	3.6382098
../accent-evaluation/xtts_22.05k_vol0.4_100ms/SouthernEngland/p258/p258_006.wav	3.7248888
../accent-evaluation/xtts_22.05k_vol0.4_100ms/Edinburgh/p252/p252_012.wav	3.739406
../accent-evaluation/xtts_22.05k_vol0.4_100ms/Edinburgh/p285/p285_010.wav	4.00783
../accent-evaluation/xtts_22.05k_vol0.4_100ms/Edinburgh/p272/p272_022.wav	3.3689294
../accent-evaluation/xtts_22.05k_vol0.4_100ms/Dublin/p245/p245_001.wav	4.0580864
../accent-evaluation/xtts_22.05k_vol0.4_100ms/SouthernEngland/p226/p226_005.wav	4.040058
../accent-evaluation/xtts_22.05k_vol0.4_100ms/SouthernEngland/p228/p228_022.wav	3.8143773
../accent-evaluation/xtts_22.05k_vol0.4_100ms/SouthernEngland/p228/p228_016.wav	4.2371526
../accent-evaluation/xtts_22.05k_vol0.4_100ms/Edinburgh/p262/p262_018.wav	3.7007773
../accent-evaluation/xtts_22.05k_vol0.4_100ms/Edinburgh/p252/p252_015.wav	3.977639
../accent-evaluation/xtts_22.05k_vol0.4_100ms/SouthernEngland/p226/p226_022.wav	3.4506118
../accent-evaluation/xtts_22.05k_vol0.4_100ms/SouthernEngland/p240/p240_005.wav	4.10723
../accent-evaluation/xtts_22.05k_vol0.4_100ms/Edinburgh/p281/p281_011.wav	3.5877361
../accent-evaluation/xtts_22.05k_vol0.4_100ms/Edinburgh/p262/p262_009.wav	3.5913875
../accent-evaluation/xtts_22.05k_vol0.4_100ms/SouthernEngland/p226/p226_013.wav	4.1440983
../accent-evaluation/xtts_22.05k_vol0.4_100ms/Dublin/p245/p245_019.wav	3.8543296
../accent-evaluation/xtts_22.05k_vol0.4_100ms/Edinburgh/p272/p272_014.wav	3.8345056
../accent-evaluation/xtts_22.05k_vol0.4_100ms/SouthernEngland/p240/p240_003.wav	4.1256466
../accent-evaluation/xtts_22.05k_vol0.4_100ms/Edinburgh/p281/p281_016.wav	3.7564702
../accent-evaluation/xtts_22.05k_vol0.4_100ms/Dublin/p340/p340_003.wav	4.1711903
../accent-evaluation/xtts_22.05k_vol0.4_100ms/SouthernEngland/p258/p258_004.wav	3.7678046
../accent-evaluation/xtts_22.05k_vol0.4_100ms/SouthernEngland/p257/p257_017.wav	3.8396058
../accent-evaluation/xtts_22.05k_vol0.4_100ms/SouthernEngland/p225/p225_020.wav	3.358493
../accent-evaluation/xtts_22.05k_vol0.4_100ms/SouthernEngland/p231/p231_002.wav	4.2112846
../accent-evaluation/xtts_22.05k_vol0.4_100ms/Edinburgh/p262/p262_013.wav	4.205485
../accent-evaluation/xtts_22.05k_vol0.4_100ms/SouthernEngland/p232/p232_019.wav	4.447774
../accent-evaluation/xtts_22.05k_vol0.4_100ms/SouthernEngland/p228/p228_018.wav	3.759133
../accent-evaluation/xtts_22.05k_vol0.4_100ms/SouthernEngland/p228/p228_004.wav	4.246233
../accent-evaluation/xtts_22.05k_vol0.4_100ms/SouthernEngland/p226/p226_003.wav	4.2169566
../accent-evaluation/xtts_22.05k_vol0.4_100ms/Dublin/p288/p288_002.wav	4.3640985
../accent-evaluation/xtts_22.05k_vol0.4_100ms/SouthernEngland/p240/p240_020.wav	3.9526703
../accent-evaluation/xtts_22.05k_vol0.4_100ms/Edinburgh/p272/p272_015.wav	4.38835
../accent-evaluation/xtts_22.05k_vol0.4_100ms/Edinburgh/p262/p262_020.wav	4.330875
../accent-evaluation/xtts_22.05k_vol0.4_100ms/SouthernEngland/p225/p225_005.wav	4.192989
../accent-evaluation/xtts_22.05k_vol0.4_100ms/SouthernEngland/p268/p268_017.wav	4.2347646
../accent-evaluation/xtts_22.05k_vol0.4_100ms/SouthernEngland/p240/p240_019.wav	3.8388174
../accent-evaluation/xtts_22.05k_vol0.4_100ms/SouthernEngland/p258/p258_005.wav	3.922293
../accent-evaluation/xtts_22.05k_vol0.4_100ms/Edinburgh/p281/p281_012.wav	3.6072125
../accent-evaluation/xtts_22.05k_vol0.4_100ms/Edinburgh/p252/p252_002.wav	3.8963656
../accent-evaluation/xtts_22.05k_vol0.4_100ms/SouthernEngland/p257/p257_020.wav	3.780436
../accent-evaluation/xtts_22.05k_vol0.4_100ms/Edinburgh/p281/p281_014.wav	3.6714435
../accent-evaluation/xtts_22.05k_vol0.4_100ms/Dublin/p288/p288_020.wav	4.304185
../accent-evaluation/xtts_22.05k_vol0.4_100ms/SouthernEngland/p229/p229_002.wav	4.22193
../accent-evaluation/xtts_22.05k_vol0.4_100ms/Dublin/p288/p288_021.wav	4.095433
../accent-evaluation/xtts_22.05k_vol0.4_100ms/Edinburgh/p262/p262_010.wav	3.831994
../accent-evaluation/xtts_22.05k_vol0.4_100ms/SouthernEngland/p225/p225_021.wav	3.9508464
../accent-evaluation/xtts_22.05k_vol0.4_100ms/Dublin/p245/p245_005.wav	4.336997
../accent-evaluation/xtts_22.05k_vol0.4_100ms/SouthernEngland/p225/p225_013.wav	3.955711
../accent-evaluation/xtts_22.05k_vol0.4_100ms/SouthernEngland/p229/p229_008.wav	3.772315
../accent-evaluation/xtts_22.05k_vol0.4_100ms/SouthernEngland/p232/p232_014.wav	4.031341
../accent-evaluation/xtts_22.05k_vol0.4_100ms/Edinburgh/p285/p285_021.wav	4.2503514
../accent-evaluation/xtts_22.05k_vol0.4_100ms/Dublin/p340/p340_005.wav	4.179261
../accent-evaluation/xtts_22.05k_vol0.4_100ms/Edinburgh/p272/p272_005.wav	3.9378734
../accent-evaluation/xtts_22.05k_vol0.4_100ms/SouthernEngland/p232/p232_001.wav	4.3421497
../accent-evaluation/xtts_22.05k_vol0.4_100ms/Dublin/p340/p340_009.wav	3.8960493
../accent-evaluation/xtts_22.05k_vol0.4_100ms/Dublin/p288/p288_010.wav	3.9534154
../accent-evaluation/xtts_22.05k_vol0.4_100ms/Edinburgh/p281/p281_009.wav	4.1262765
../accent-evaluation/xtts_22.05k_vol0.4_100ms/Dublin/p340/p340_010.wav	4.036422
../accent-evaluation/xtts_22.05k_vol0.4_100ms/SouthernEngland/p225/p225_007.wav	3.683971
../accent-evaluation/xtts_22.05k_vol0.4_100ms/Edinburgh/p285/p285_011.wav	3.8234177
../accent-evaluation/xtts_22.05k_vol0.4_100ms/Dublin/p245/p245_009.wav	4.302922
../accent-evaluation/xtts_22.05k_vol0.4_100ms/Dublin/p340/p340_011.wav	4.168215
../accent-evaluation/xtts_22.05k_vol0.4_100ms/SouthernEngland/p258/p258_017.wav	3.7582517
../accent-evaluation/xtts_22.05k_vol0.4_100ms/SouthernEngland/p228/p228_021.wav	4.167556
../accent-evaluation/xtts_22.05k_vol0.4_100ms/Edinburgh/p252/p252_020.wav	4.1327868
../accent-evaluation/xtts_22.05k_vol0.4_100ms/SouthernEngland/p240/p240_016.wav	3.733404
../accent-evaluation/xtts_22.05k_vol0.4_100ms/Edinburgh/p272/p272_018.wav	4.2698593
../accent-evaluation/xtts_22.05k_vol0.4_100ms/Edinburgh/p262/p262_005.wav	4.1964836
../accent-evaluation/xtts_22.05k_vol0.4_100ms/Dublin/p245/p245_004.wav	3.684363
../accent-evaluation/xtts_22.05k_vol0.4_100ms/Dublin/p288/p288_015.wav	4.2919745
../accent-evaluation/xtts_22.05k_vol0.4_100ms/Edinburgh/p252/p252_019.wav	3.7436604
../accent-evaluation/xtts_22.05k_vol0.4_100ms/Dublin/p340/p340_018.wav	3.4715025
../accent-evaluation/xtts_22.05k_vol0.4_100ms/Dublin/p340/p340_015.wav	3.665564
../accent-evaluation/xtts_22.05k_vol0.4_100ms/SouthernEngland/p226/p226_018.wav	4.1766453
../accent-evaluation/xtts_22.05k_vol0.4_100ms/SouthernEngland/p240/p240_012.wav	3.8963456
../accent-evaluation/xtts_22.05k_vol0.4_100ms/SouthernEngland/p258/p258_023.wav	3.6861618
../accent-evaluation/xtts_22.05k_vol0.4_100ms/Dublin/p245/p245_020.wav	4.092014
../accent-evaluation/xtts_22.05k_vol0.4_100ms/SouthernEngland/p231/p231_005.wav	4.26244
../accent-evaluation/xtts_22.05k_vol0.4_100ms/Edinburgh/p281/p281_006.wav	3.663649
../accent-evaluation/xtts_22.05k_vol0.4_100ms/SouthernEngland/p225/p225_008.wav	3.708528
../accent-evaluation/xtts_22.05k_vol0.4_100ms/SouthernEngland/p231/p231_008.wav	3.944151
../accent-evaluation/xtts_22.05k_vol0.4_100ms/SouthernEngland/p257/p257_008.wav	3.7654126
../accent-evaluation/xtts_22.05k_vol0.4_100ms/SouthernEngland/p240/p240_017.wav	3.999754
../accent-evaluation/xtts_22.05k_vol0.4_100ms/Edinburgh/p285/p285_009.wav	4.4039907
../accent-evaluation/xtts_22.05k_vol0.4_100ms/SouthernEngland/p268/p268_022.wav	3.6764033
../accent-evaluation/xtts_22.05k_vol0.4_100ms/SouthernEngland/p240/p240_004.wav	4.102837
../accent-evaluation/xtts_22.05k_vol0.4_100ms/SouthernEngland/p268/p268_015.wav	4.2781987
../accent-evaluation/xtts_22.05k_vol0.4_100ms/Dublin/p340/p340_019.wav	3.9275928
../accent-evaluation/xtts_22.05k_vol0.4_100ms/SouthernEngland/p232/p232_009.wav	4.4385176
../accent-evaluation/xtts_22.05k_vol0.4_100ms/Edinburgh/p252/p252_011.wav	4.103772
../accent-evaluation/xtts_22.05k_vol0.4_100ms/Edinburgh/p272/p272_006.wav	3.7046084
../accent-evaluation/xtts_22.05k_vol0.4_100ms/SouthernEngland/p240/p240_009.wav	3.6746354
../accent-evaluation/xtts_22.05k_vol0.4_100ms/SouthernEngland/p240/p240_021.wav	4.1935554
../accent-evaluation/xtts_22.05k_vol0.4_100ms/Edinburgh/p281/p281_015.wav	4.0725927
../accent-evaluation/xtts_22.05k_vol0.4_100ms/SouthernEngland/p268/p268_001.wav	4.22021
../accent-evaluation/xtts_22.05k_vol0.4_100ms/SouthernEngland/p257/p257_022.wav	3.9828281
../accent-evaluation/xtts_22.05k_vol0.4_100ms/Edinburgh/p262/p262_014.wav	4.2413516
../accent-evaluation/xtts_22.05k_vol0.4_100ms/SouthernEngland/p231/p231_012.wav	3.8037796
../accent-evaluation/xtts_22.05k_vol0.4_100ms/SouthernEngland/p257/p257_011.wav	3.8669505
../accent-evaluation/xtts_22.05k_vol0.4_100ms/Edinburgh/p252/p252_018.wav	3.8345752
../accent-evaluation/xtts_22.05k_vol0.4_100ms/SouthernEngland/p225/p225_006.wav	3.620932
../accent-evaluation/xtts_22.05k_vol0.4_100ms/SouthernEngland/p268/p268_021.wav	4.298861
../accent-evaluation/xtts_22.05k_vol0.4_100ms/Dublin/p340/p340_017.wav	4.191729
../accent-evaluation/xtts_22.05k_vol0.4_100ms/SouthernEngland/p258/p258_014.wav	3.5431433
../accent-evaluation/xtts_22.05k_vol0.4_100ms/Edinburgh/p285/p285_014.wav	3.703452
../accent-evaluation/xtts_22.05k_vol0.4_100ms/SouthernEngland/p228/p228_007.wav	4.311048
../accent-evaluation/xtts_22.05k_vol0.4_100ms/Edinburgh/p272/p272_009.wav	4.321846
../accent-evaluation/xtts_22.05k_vol0.4_100ms/Dublin/p340/p340_007.wav	3.6206028
../accent-evaluation/xtts_22.05k_vol0.4_100ms/Dublin/p245/p245_018.wav	3.5909772
../accent-evaluation/xtts_22.05k_vol0.4_100ms/Edinburgh/p262/p262_021.wav	4.2007823
../accent-evaluation/xtts_22.05k_vol0.4_100ms/Edinburgh/p252/p252_004.wav	4.081871
../accent-evaluation/xtts_22.05k_vol0.4_100ms/Edinburgh/p262/p262_008.wav	4.1293974
../accent-evaluation/xtts_22.05k_vol0.4_100ms/Edinburgh/p281/p281_017.wav	3.8052983
../accent-evaluation/xtts_22.05k_vol0.4_100ms/SouthernEngland/p228/p228_006.wav	4.0427384
../accent-evaluation/xtts_22.05k_vol0.4_100ms/Edinburgh/p285/p285_013.wav	3.9182625
../accent-evaluation/xtts_22.05k_vol0.4_100ms/SouthernEngland/p268/p268_006.wav	4.0642676
../accent-evaluation/xtts_22.05k_vol0.4_100ms/SouthernEngland/p228/p228_014.wav	3.9020865
../accent-evaluation/xtts_22.05k_vol0.4_100ms/SouthernEngland/p226/p226_002.wav	4.256213
../accent-evaluation/xtts_22.05k_vol0.4_100ms/Edinburgh/p272/p272_023.wav	4.2196617
../accent-evaluation/xtts_22.05k_vol0.4_100ms/SouthernEngland/p258/p258_008.wav	3.590075
../accent-evaluation/xtts_22.05k_vol0.4_100ms/Dublin/p340/p340_012.wav	3.8153281
../accent-evaluation/xtts_22.05k_vol0.4_100ms/Edinburgh/p285/p285_018.wav	3.574393
../accent-evaluation/xtts_22.05k_vol0.4_100ms/SouthernEngland/p226/p226_008.wav	4.1988063
../accent-evaluation/xtts_22.05k_vol0.4_100ms/SouthernEngland/p229/p229_011.wav	4.2401323
../accent-evaluation/xtts_22.05k_vol0.4_100ms/Edinburgh/p281/p281_003.wav	3.9231932
../accent-evaluation/xtts_22.05k_vol0.4_100ms/Edinburgh/p281/p281_023.wav	3.5826051
../accent-evaluation/xtts_22.05k_vol0.4_100ms/SouthernEngland/p257/p257_009.wav	3.5790963
../accent-evaluation/xtts_22.05k_vol0.4_100ms/SouthernEngland/p229/p229_014.wav	4.135909
../accent-evaluation/xtts_22.05k_vol0.4_100ms/Edinburgh/p285/p285_015.wav	4.277582
../accent-evaluation/xtts_22.05k_vol0.4_100ms/SouthernEngland/p257/p257_005.wav	3.624424
../accent-evaluation/xtts_22.05k_vol0.4_100ms/SouthernEngland/p232/p232_012.wav	3.968441
../accent-evaluation/xtts_22.05k_vol0.4_100ms/Edinburgh/p281/p281_010.wav	3.7592654
../accent-evaluation/xtts_22.05k_vol0.4_100ms/Dublin/p340/p340_002.wav	3.9714794
../accent-evaluation/xtts_22.05k_vol0.4_100ms/SouthernEngland/p240/p240_008.wav	3.8158855
../accent-evaluation/xtts_22.05k_vol0.4_100ms/SouthernEngland/p257/p257_023.wav	3.7648134
../accent-evaluation/xtts_22.05k_vol0.4_100ms/Edinburgh/p285/p285_003.wav	4.0581956
../accent-evaluation/xtts_22.05k_vol0.4_100ms/SouthernEngland/p231/p231_018.wav	3.6111193
../accent-evaluation/xtts_22.05k_vol0.4_100ms/Edinburgh/p285/p285_012.wav	3.7750025
../accent-evaluation/xtts_22.05k_vol0.4_100ms/Dublin/p340/p340_022.wav	3.7772572
../accent-evaluation/xtts_22.05k_vol0.4_100ms/Edinburgh/p262/p262_001.wav	4.0577054
../accent-evaluation/xtts_22.05k_vol0.4_100ms/SouthernEngland/p232/p232_004.wav	4.4317217
../accent-evaluation/xtts_22.05k_vol0.4_100ms/Edinburgh/p252/p252_022.wav	3.7098334
../accent-evaluation/xtts_22.05k_vol0.4_100ms/SouthernEngland/p226/p226_007.wav	3.7977414
../accent-evaluation/xtts_22.05k_vol0.4_100ms/SouthernEngland/p226/p226_016.wav	4.0744224
../accent-evaluation/xtts_22.05k_vol0.4_100ms/SouthernEngland/p231/p231_009.wav	3.563823
../accent-evaluation/xtts_22.05k_vol0.4_100ms/Edinburgh/p262/p262_019.wav	3.9326825
../accent-evaluation/xtts_22.05k_vol0.4_100ms/SouthernEngland/p226/p226_001.wav	4.136104
../accent-evaluation/xtts_22.05k_vol0.4_100ms/SouthernEngland/p232/p232_020.wav	4.432585
../accent-evaluation/xtts_22.05k_vol0.4_100ms/Dublin/p288/p288_017.wav	4.133905
../accent-evaluation/xtts_22.05k_vol0.4_100ms/Dublin/p340/p340_014.wav	4.1375914
../accent-evaluation/xtts_22.05k_vol0.4_100ms/SouthernEngland/p231/p231_016.wav	3.9163175
../accent-evaluation/xtts_22.05k_vol0.4_100ms/Edinburgh/p272/p272_013.wav	3.3691423
../accent-evaluation/xtts_22.05k_vol0.4_100ms/SouthernEngland/p257/p257_015.wav	4.3585386
../accent-evaluation/xtts_22.05k_vol0.4_100ms/Edinburgh/p252/p252_016.wav	3.660017
../accent-evaluation/xtts_22.05k_vol0.4_100ms/SouthernEngland/p240/p240_014.wav	3.8527474
../accent-evaluation/xtts_22.05k_vol0.4_100ms/SouthernEngland/p225/p225_014.wav	3.4889152
../accent-evaluation/xtts_22.05k_vol0.4_100ms/Edinburgh/p252/p252_007.wav	3.9161725
../accent-evaluation/xtts_22.05k_vol0.4_100ms/SouthernEngland/p225/p225_017.wav	3.906742
../accent-evaluation/xtts_22.05k_vol0.4_100ms/SouthernEngland/p257/p257_004.wav	4.196315
../accent-evaluation/xtts_22.05k_vol0.4_100ms/Dublin/p245/p245_007.wav	4.253418
../accent-evaluation/xtts_22.05k_vol0.4_100ms/SouthernEngland/p232/p232_023.wav	3.839575
../accent-evaluation/xtts_22.05k_vol0.4_100ms/Edinburgh/p281/p281_005.wav	4.1379814
../accent-evaluation/xtts_22.05k_vol0.4_100ms/SouthernEngland/p257/p257_019.wav	4.1409874
../accent-evaluation/xtts_22.05k_vol0.4_100ms/SouthernEngland/p229/p229_004.wav	4.2791486
../accent-evaluation/xtts_22.05k_vol0.4_100ms/SouthernEngland/p229/p229_006.wav	4.281322
../accent-evaluation/xtts_22.05k_vol0.4_100ms/SouthernEngland/p231/p231_014.wav	3.937895
../accent-evaluation/xtts_22.05k_vol0.4_100ms/SouthernEngland/p229/p229_001.wav	4.0407095
../accent-evaluation/xtts_22.05k_vol0.4_100ms/Edinburgh/p262/p262_012.wav	3.3635023
../accent-evaluation/xtts_22.05k_vol0.4_100ms/SouthernEngland/p229/p229_010.wav	3.9363956
../accent-evaluation/xtts_22.05k_vol0.4_100ms/Dublin/p288/p288_018.wav	4.175051
../accent-evaluation/xtts_22.05k_vol0.4_100ms/SouthernEngland/p258/p258_022.wav	3.6227248
../accent-evaluation/xtts_22.05k_vol0.4_100ms/Dublin/p245/p245_015.wav	4.2794495
../accent-evaluation/xtts_22.05k_vol0.4_100ms/Edinburgh/p285/p285_019.wav	3.691365
../accent-evaluation/xtts_22.05k_vol0.4_100ms/SouthernEngland/p232/p232_002.wav	4.3699923
../accent-evaluation/xtts_22.05k_vol0.4_100ms/Dublin/p288/p288_009.wav	4.368243
../accent-evaluation/xtts_22.05k_vol0.4_100ms/SouthernEngland/p232/p232_021.wav	4.174616
../accent-evaluation/xtts_22.05k_vol0.4_100ms/Dublin/p245/p245_002.wav	4.0758386
../accent-evaluation/xtts_22.05k_vol0.4_100ms/SouthernEngland/p268/p268_016.wav	4.11904
../accent-evaluation/xtts_22.05k_vol0.4_100ms/Edinburgh/p262/p262_023.wav	3.7622092
../accent-evaluation/xtts_22.05k_vol0.4_100ms/SouthernEngland/p226/p226_019.wav	4.0494194
../accent-evaluation/xtts_22.05k_vol0.4_100ms/SouthernEngland/p232/p232_007.wav	4.3543253
../accent-evaluation/xtts_22.05k_vol0.4_100ms/SouthernEngland/p231/p231_021.wav	4.0745463
../accent-evaluation/xtts_22.05k_vol0.4_100ms/SouthernEngland/p226/p226_021.wav	4.2202263
../accent-evaluation/xtts_22.05k_vol0.4_100ms/Edinburgh/p272/p272_008.wav	4.0214224
../accent-evaluation/xtts_22.05k_vol0.4_100ms/Dublin/p288/p288_019.wav	4.1729717
../accent-evaluation/xtts_22.05k_vol0.4_100ms/SouthernEngland/p258/p258_016.wav	3.675399
../accent-evaluation/xtts_22.05k_vol0.4_100ms/SouthernEngland/p231/p231_020.wav	4.0708895
../accent-evaluation/xtts_22.05k_vol0.4_100ms/SouthernEngland/p268/p268_011.wav	3.9362159
../accent-evaluation/xtts_22.05k_vol0.4_100ms/Dublin/p288/p288_012.wav	3.6707597
../accent-evaluation/xtts_22.05k_vol0.4_100ms/SouthernEngland/p232/p232_016.wav	4.3117733
../accent-evaluation/xtts_22.05k_vol0.4_100ms/Edinburgh/p281/p281_004.wav	3.8866324
../accent-evaluation/xtts_22.05k_vol0.4_100ms/SouthernEngland/p268/p268_003.wav	3.9023557
../accent-evaluation/xtts_22.05k_vol0.4_100ms/SouthernEngland/p268/p268_020.wav	4.318534
../accent-evaluation/xtts_22.05k_vol0.4_100ms/SouthernEngland/p225/p225_010.wav	3.4564216
../accent-evaluation/xtts_22.05k_vol0.4_100ms/SouthernEngland/p229/p229_018.wav	3.8326235
../accent-evaluation/xtts_22.05k_vol0.4_100ms/Dublin/p288/p288_008.wav	3.8289375
../accent-evaluation/xtts_22.05k_vol0.4_100ms/SouthernEngland/p240/p240_013.wav	3.7495544
../accent-evaluation/xtts_22.05k_vol0.4_100ms/Edinburgh/p285/p285_016.wav	3.9726055
../accent-evaluation/xtts_22.05k_vol0.4_100ms/Edinburgh/p272/p272_016.wav	4.305996
../accent-evaluation/xtts_22.05k_vol0.4_100ms/SouthernEngland/p257/p257_013.wav	3.6121838
../accent-evaluation/xtts_22.05k_vol0.4_100ms/SouthernEngland/p258/p258_010.wav	3.5035105
../accent-evaluation/xtts_22.05k_vol0.4_100ms/Dublin/p340/p340_008.wav	3.6358128
../accent-evaluation/xtts_22.05k_vol0.4_100ms/SouthernEngland/p258/p258_013.wav	3.4426787
../accent-evaluation/xtts_22.05k_vol0.4_100ms/Edinburgh/p272/p272_017.wav	3.6146386
../accent-evaluation/xtts_22.05k_vol0.4_100ms/Edinburgh/p281/p281_002.wav	3.711298
../accent-evaluation/xtts_22.05k_vol0.4_100ms/SouthernEngland/p228/p228_003.wav	4.1841235
../accent-evaluation/xtts_22.05k_vol0.4_100ms/SouthernEngland/p226/p226_014.wav	3.6864061
../accent-evaluation/xtts_22.05k_vol0.4_100ms/SouthernEngland/p231/p231_011.wav	3.7711048
../accent-evaluation/xtts_22.05k_vol0.4_100ms/SouthernEngland/p228/p228_020.wav	4.2269025
../accent-evaluation/xtts_22.05k_vol0.4_100ms/Edinburgh/p252/p252_021.wav	4.2190723
../accent-evaluation/xtts_22.05k_vol0.4_100ms/SouthernEngland/p268/p268_013.wav	4.233164
../accent-evaluation/xtts_22.05k_vol0.4_100ms/Edinburgh/p281/p281_020.wav	3.5473664
../accent-evaluation/xtts_22.05k_vol0.4_100ms/Dublin/p245/p245_017.wav	4.0958457
../accent-evaluation/xtts_22.05k_vol0.4_100ms/SouthernEngland/p232/p232_010.wav	3.8036995
../accent-evaluation/xtts_22.05k_vol0.4_100ms/Edinburgh/p262/p262_002.wav	4.114632
../accent-evaluation/xtts_22.05k_vol0.4_100ms/Dublin/p245/p245_022.wav	4.0937657
../accent-evaluation/xtts_22.05k_vol0.4_100ms/Edinburgh/p262/p262_007.wav	4.029999
../accent-evaluation/xtts_22.05k_vol0.4_100ms/SouthernEngland/p257/p257_018.wav	3.8384094
../accent-evaluation/xtts_22.05k_vol0.4_100ms/SouthernEngland/p232/p232_008.wav	4.2122984
../accent-evaluation/xtts_22.05k_vol0.4_100ms/SouthernEngland/p268/p268_009.wav	4.3764353
../accent-evaluation/xtts_22.05k_vol0.4_100ms/SouthernEngland/p225/p225_002.wav	4.27713
../accent-evaluation/xtts_22.05k_vol0.4_100ms/Dublin/p288/p288_004.wav	3.8302379
../accent-evaluation/xtts_22.05k_vol0.4_100ms/Edinburgh/p272/p272_012.wav	3.559951
../accent-evaluation/xtts_22.05k_vol0.4_100ms/Dublin/p340/p340_013.wav	3.9735928
../accent-evaluation/xtts_22.05k_vol0.4_100ms/SouthernEngland/p240/p240_007.wav	3.857211
../accent-evaluation/xtts_22.05k_vol0.4_100ms/SouthernEngland/p225/p225_011.wav	3.9386454
../accent-evaluation/xtts_22.05k_vol0.4_100ms/Edinburgh/p262/p262_015.wav	4.337699
../accent-evaluation/xtts_22.05k_vol0.4_100ms/Edinburgh/p272/p272_011.wav	4.261691
../accent-evaluation/xtts_22.05k_vol0.4_100ms/SouthernEngland/p229/p229_007.wav	4.117166
../accent-evaluation/xtts_22.05k_vol0.4_100ms/SouthernEngland/p226/p226_023.wav	4.007091
../accent-evaluation/xtts_22.05k_vol0.4_100ms/Edinburgh/p252/p252_009.wav	3.9655113
../accent-evaluation/xtts_22.05k_vol0.4_100ms/Dublin/p245/p245_013.wav	4.1545362
../accent-evaluation/xtts_22.05k_vol0.4_100ms/SouthernEngland/p228/p228_015.wav	4.290108
../accent-evaluation/xtts_22.05k_vol0.4_100ms/SouthernEngland/p226/p226_009.wav	3.8005126
../accent-evaluation/xtts_22.05k_vol0.4_100ms/SouthernEngland/p240/p240_018.wav	3.5664155
../accent-evaluation/xtts_22.05k_vol0.4_100ms/SouthernEngland/p258/p258_019.wav	3.6466632
../accent-evaluation/xtts_22.05k_vol0.4_100ms/Dublin/p288/p288_022.wav	4.3111973
../accent-evaluation/xtts_22.05k_vol0.4_100ms/SouthernEngland/p225/p225_022.wav	3.896635
../accent-evaluation/xtts_22.05k_vol0.4_100ms/Edinburgh/p285/p285_006.wav	4.0744314
../accent-evaluation/xtts_22.05k_vol0.4_100ms/SouthernEngland/p258/p258_012.wav	3.8852098
../accent-evaluation/xtts_22.05k_vol0.4_100ms/SouthernEngland/p225/p225_016.wav	3.5443964
../accent-evaluation/xtts_22.05k_vol0.4_100ms/SouthernEngland/p257/p257_002.wav	4.1305933
../accent-evaluation/xtts_22.05k_vol0.4_100ms/Dublin/p340/p340_006.wav	4.1543307
../accent-evaluation/xtts_22.05k_vol0.4_100ms/SouthernEngland/p232/p232_011.wav	4.419458
../accent-evaluation/xtts_22.05k_vol0.4_100ms/Edinburgh/p281/p281_022.wav	3.8530166
../accent-evaluation/xtts_22.05k_vol0.4_100ms/SouthernEngland/p240/p240_010.wav	3.6982713
../accent-evaluation/xtts_22.05k_vol0.4_100ms/SouthernEngland/p268/p268_019.wav	3.9437666
../accent-evaluation/xtts_22.05k_vol0.4_100ms/Edinburgh/p285/p285_007.wav	3.8328702
../accent-evaluation/xtts_22.05k_vol0.4_100ms/SouthernEngland/p225/p225_009.wav	4.1641827
../accent-evaluation/xtts_22.05k_vol0.4_100ms/Edinburgh/p252/p252_023.wav	4.2096133
../accent-evaluation/xtts_22.05k_vol0.4_100ms/Dublin/p245/p245_006.wav	4.121526
../accent-evaluation/xtts_22.05k_vol0.4_100ms/Edinburgh/p281/p281_019.wav	3.6799927
../accent-evaluation/xtts_22.05k_vol0.4_100ms/SouthernEngland/p228/p228_023.wav	4.2739635
../accent-evaluation/xtts_22.05k_vol0.4_100ms/Dublin/p340/p340_020.wav	4.281283
../accent-evaluation/xtts_22.05k_vol0.4_100ms/SouthernEngland/p257/p257_010.wav	3.994655
../accent-evaluation/xtts_22.05k_vol0.4_100ms/Edinburgh/p252/p252_003.wav	3.7691777
../accent-evaluation/xtts_22.05k_vol0.4_100ms/SouthernEngland/p228/p228_010.wav	3.8046908
../accent-evaluation/xtts_22.05k_vol0.4_100ms/SouthernEngland/p268/p268_004.wav	3.5327451
../accent-evaluation/xtts_22.05k_vol0.4_100ms/Edinburgh/p272/p272_010.wav	3.6100073
../accent-evaluation/xtts_22.05k_vol0.4_100ms/SouthernEngland/p229/p229_019.wav	3.932928
../accent-evaluation/xtts_22.05k_vol0.4_100ms/Dublin/p245/p245_016.wav	4.137985
../accent-evaluation/xtts_22.05k_vol0.4_100ms/SouthernEngland/p232/p232_013.wav	4.148573
../accent-evaluation/xtts_22.05k_vol0.4_100ms/Edinburgh/p272/p272_019.wav	4.017361
../accent-evaluation/xtts_22.05k_vol0.4_100ms/Edinburgh/p252/p252_005.wav	3.9859324
../accent-evaluation/xtts_22.05k_vol0.4_100ms/Edinburgh/p285/p285_001.wav	4.2389426
